Roll No,Name,Batch,Programme,Group,Term,Section,Track,Major,Minor,Electives,Courses (course-section)
250601001,Aakriti Berry,2025-27,PGDM BFS,bfs,5,A,,,,BF,
250601003,Aastha Agarwal,2025-27,PGDM BFS,bfs,5,A,,,,BF,
250601004,Abhinav Anand,2025-27,PGDM BFS,bfs,5,A,,,,BF,
250601007,Aditya Kumar Jha,2025-27,PGDM BFS,bfs,5,A,,,,SERM,
250601009,Agrim Garg,2025-27,PGDM BFS,bfs,5,A,,,,BF,
250601011,Akshaj Arora,2025-27,PGDM BFS,bfs,5,A,,,,BF,
250601013,Akshansh Maheshwari,2025-27,PGDM BFS,bfs,5,A,,,,SERM,
250601015,Akshat Vansh Vashishth,2025-27,PGDM BFS,bfs,5,A,,,,SERM,
250601017,Alen Siddharth Roy,2025-27,PGDM BFS,bfs,5,A,,,,SERM,
250601019,Aman Gupta,2025-27,PGDM BFS,bfs,5,A,,,,SERM,
250601020,Anika Gupta,2025-27,PGDM BFS,bfs,5,A,,,,SERM,
250601023,Anna Mehta,2025-27,PGDM BFS,bfs,5,A,,,,BF,
250601025,Ansh Gupta,2025-27,PGDM BFS,bfs,5,A,,,,SERM,
250601026,Anushka Deepak Sarkar,2025-27,PGDM BFS,bfs,5,A,,,,SERM,
250601028,Archi Agrawal,2025-27,PGDM BFS,bfs,5,A,,,,SERM,
250601030,Arkajeet Ghosh,2025-27,PGDM BFS,bfs,5,A,,,,BF,
250601032,Ashutosh Kumar Vishwakarm,2025-27,PGDM BFS,bfs,5,A,,,,BF,
250601035,Aviral Joshi,2025-27,PGDM BFS,bfs,5,A,,,,BF,
250601037,Ayussh Agarwal,2025-27,PGDM BFS,bfs,5,A,,,,SERM,
250601038,Bhumi Jaiswal,2025-27,PGDM BFS,bfs,5,A,,,,SERM,
250601041,Darshan Harsukh Faldu,2025-27,PGDM BFS,bfs,5,A,,,,BF,
250601042,Deepshi Bansal,2025-27,PGDM BFS,bfs,5,A,,,,BF,
250601045,Divyam Dudeja,2025-27,PGDM BFS,bfs,5,A,,,,SERM,
250601046,Garima Jindal,2025-27,PGDM BFS,bfs,5,A,,,,SERM,
250601049,Gayatri Dande,2025-27,PGDM BFS,bfs,5,A,,,,BF,
250601050,Goplani Aman Jai,2025-27,PGDM BFS,bfs,5,A,,,,BF,
250601053,Hrithik Tripathi,2025-27,PGDM BFS,bfs,5,A,,,,BF,
250601054,Isha Yadava,2025-27,PGDM BFS,bfs,5,A,,,,SERM,
250601057,Janavi S Athreya,2025-27,PGDM BFS,bfs,5,A,,,,BF,
250601059,Jatin Ahuja,2025-27,PGDM BFS,bfs,5,A,,,,SERM,
250601061,Jayesh Bothra,2025-27,PGDM BFS,bfs,5,A,,,,SERM,
250601062,Jayshree,2025-27,PGDM BFS,bfs,5,A,,,,BF,
250601064,Karan Chawla,2025-27,PGDM BFS,bfs,5,A,,,,BF,
250601066,Keshav Jaswal,2025-27,PGDM BFS,bfs,5,A,,,,SERM,
250601068,Khasitiz Soni,2025-27,PGDM BFS,bfs,5,A,,,,SERM,
250601070,Khushi Mehta,2025-27,PGDM BFS,bfs,5,A,,,,SERM,
250601072,Krish Kapoor,2025-27,PGDM BFS,bfs,5,A,,,,SERM,
250601074,Krish Rajesh Bucha,2025-27,PGDM BFS,bfs,5,A,,,,BF,
250601077,Lakshya Sanwal,2025-27,PGDM BFS,bfs,5,A,,,,BF,
250601078,Mahika Khanna,2025-27,PGDM BFS,bfs,5,A,,,,SERM,
250601081,Manvi Goel,2025-27,PGDM BFS,bfs,5,A,,,,BF,
250601082,Meghadri Mitra,2025-27,PGDM BFS,bfs,5,A,,,,BF,
250601084,Mohit Singh,2025-27,PGDM BFS,bfs,5,A,,,,SERM,
250601087,Narayan Agarwal,2025-27,PGDM BFS,bfs,5,A,,,,SERM,
250601089,Prachi Tiwari,2025-27,PGDM BFS,bfs,5,A,,,,BF,
250601090,Prajjwal Sahoo,2025-27,PGDM BFS,bfs,5,A,,,,BF,
250601092,Pratham Agarwal,2025-27,PGDM BFS,bfs,5,A,,,,"BF, SERM",
250601094,Pritam Roy,2025-27,PGDM BFS,bfs,5,A,,,,SERM,
250601096,Rishab P Dave,2025-27,PGDM BFS,bfs,5,A,,,,SERM,
250601098,Riyansh Ramanathan,2025-27,PGDM BFS,bfs,5,A,,,,SERM,
250601100,Rudraksh Sanjay Vora,2025-27,PGDM BFS,bfs,5,A,,,,,
250601103,Saba Ayaz,2025-27,PGDM BFS,bfs,5,A,,,,SERM,
250601104,Sabhay Wadhwa,2025-27,PGDM BFS,bfs,5,A,,,,BF,
250601106,Saksham Bhargava,2025-27,PGDM BFS,bfs,5,A,,,,SERM,
250601109,Sanya Gupta,2025-27,PGDM BFS,bfs,5,A,,,,,
250601110,Satvik Pramendra Singh,2025-27,PGDM BFS,bfs,5,A,,,,SERM,
250601113,Shaurya Gupta,2025-27,PGDM BFS,bfs,5,A,,,,BF,
250601114,Shitika Tuteja,2025-27,PGDM BFS,bfs,5,A,,,,SERM,
250601117,Shourya Makheja,2025-27,PGDM BFS,bfs,5,A,,,,BF,
250601119,Shubhranshu Sekhar Roychowdhury,2025-27,PGDM BFS,bfs,5,A,,,,SERM,
250601121,Simarjeet Singh,2025-27,PGDM BFS,bfs,5,A,,,,SERM,
250601123,Srishti Malani,2025-27,PGDM BFS,bfs,5,A,,,,BF,
250601125,Swayam Mukesh Nawal,2025-27,PGDM BFS,bfs,5,A,,,,BF,
250601126,Tanisha Bansal,2025-27,PGDM BFS,bfs,5,A,,,,SERM,
250601128,Trishant Nagireddy,2025-27,PGDM BFS,bfs,5,A,,,,BF,
250601131,Udit Khetawat,2025-27,PGDM BFS,bfs,5,A,,,,BF,
250601133,Vani Jaiswal,2025-27,PGDM BFS,bfs,5,A,,,,SERM,
250601134,Vansh Kabra,2025-27,PGDM BFS,bfs,5,A,,,,BF,
250601137,Vatsal Jain,2025-27,PGDM BFS,bfs,5,A,,,,BF,
250601139,Vibhor Arora,2025-27,PGDM BFS,bfs,5,A,,,,SERM,
250601140,Vishakha Alwani,2025-27,PGDM BFS,bfs,5,A,,,,BF,
250601142,Yash Chauhan,2025-27,PGDM BFS,bfs,5,A,,,,SERM,
250601144,Yash Pratap,2025-27,PGDM BFS,bfs,5,A,,,,BF,
250601147,Riya Vishnoi,2025-27,PGDM BFS,bfs,5,A,,,,BF,
250601148,Sanyam Jain,2025-27,PGDM BFS,bfs,5,A,,,,BF,
250601150,Reeti Ghosh Choudhury,2025-27,PGDM BFS,bfs,5,A,,,,SERM,
250601153,Aishna Agarwal,2025-27,PGDM BFS,bfs,5,A,,,,BF,
250601002,Aarushi,2025-27,PGDM BFS,bfs,5,B (not on the other section's list),,,,BF,
250601005,Adit Thurumalla,2025-27,PGDM BFS,bfs,5,B (not on the other section's list),,,,SERM,
250601006,Aditi Gupta,2025-27,PGDM BFS,bfs,5,B (not on the other section's list),,,,BF,
250601008,Aditya Mohan Mehrotra,2025-27,PGDM BFS,bfs,5,B (not on the other section's list),,,,SERM,
250601010,Aishik Adhikary,2025-27,PGDM BFS,bfs,5,B (not on the other section's list),,,,BF,
250601012,Akshansh Baranwal,2025-27,PGDM BFS,bfs,5,B (not on the other section's list),,,,SERM,
250601014,Akshat Goel,2025-27,PGDM BFS,bfs,5,B (not on the other section's list),,,,BF,
250601016,Akshat Vats,2025-27,PGDM BFS,bfs,5,B (not on the other section's list),,,,SERM,
250601018,Amaan Ahmad,2025-27,PGDM BFS,bfs,5,B (not on the other section's list),,,,BF,
250601021,Ankan Bhakat,2025-27,PGDM BFS,bfs,5,B (not on the other section's list),,,,SERM,
250601022,Ankitha Chowdary Arumilli,2025-27,PGDM BFS,bfs,5,B (not on the other section's list),,,,BF,
250601024,Anoushka Singh,2025-27,PGDM BFS,bfs,5,B (not on the other section's list),,,,BF,
250601027,Anushka Dubey,2025-27,PGDM BFS,bfs,5,B (not on the other section's list),,,,SERM,
250601029,Arjun Singh Karakoti,2025-27,PGDM BFS,bfs,5,B (not on the other section's list),,,,BF,
250601031,Ashish Saini,2025-27,PGDM BFS,bfs,5,B (not on the other section's list),,,,SERM,
250601033,Asmi Surjit Thakur,2025-27,PGDM BFS,bfs,5,B (not on the other section's list),,,,BF,
250601034,Ateev Goel,2025-27,PGDM BFS,bfs,5,B (not on the other section's list),,,,SERM,
250601036,Ayushmaan Beniwal,2025-27,PGDM BFS,bfs,5,B (not on the other section's list),,,,SERM,
250601039,Chayanika Khattri,2025-27,PGDM BFS,bfs,5,B (not on the other section's list),,,,SERM,
250601040,Chinmay Singh Bharadwaj,2025-27,PGDM BFS,bfs,5,B (not on the other section's list),,,,SERM,
250601043,Dev Bhutani,2025-27,PGDM BFS,bfs,5,B (not on the other section's list),,,,SERM,
250601044,Dhwani Bansal,2025-27,PGDM BFS,bfs,5,B (not on the other section's list),,,,SERM,
250601047,Garima Joshi,2025-27,PGDM BFS,bfs,5,B (not on the other section's list),,,,SERM,
250601048,Gaurav Kumar Singh,2025-27,PGDM BFS,bfs,5,B (not on the other section's list),,,,BF,
250601051,Harshita Sharma,2025-27,PGDM BFS,bfs,5,B (not on the other section's list),,,,SERM,
250601052,Himanshu Khaitan,2025-27,PGDM BFS,bfs,5,B (not on the other section's list),,,,BF,
250601055,Ishwar Sudeepkumar Vyas,2025-27,PGDM BFS,bfs,5,B (not on the other section's list),,,,SERM,
250601056,Janapareddi Mani Deepika,2025-27,PGDM BFS,bfs,5,B (not on the other section's list),,,,SERM,
250601058,Japna Bhola,2025-27,PGDM BFS,bfs,5,B (not on the other section's list),,,,SERM,
250601060,Jatin Moolchandani,2025-27,PGDM BFS,bfs,5,B (not on the other section's list),,,,BF,
250601063,Kanak Panchal,2025-27,PGDM BFS,bfs,5,B (not on the other section's list),,,,SERM,
250601065,Karthik Binu,2025-27,PGDM BFS,bfs,5,B (not on the other section's list),,,,BF,
250601067,Keshav Lahoti,2025-27,PGDM BFS,bfs,5,B (not on the other section's list),,,,BF,
250601069,Khushi Jindal,2025-27,PGDM BFS,bfs,5,B (not on the other section's list),,,,SERM,
250601071,Krish Gambhir,2025-27,PGDM BFS,bfs,5,B (not on the other section's list),,,,SERM,
250601073,Krish Panwar,2025-27,PGDM BFS,bfs,5,B (not on the other section's list),,,,SERM,
250601075,Kuhu Singh,2025-27,PGDM BFS,bfs,5,B (not on the other section's list),,,,SERM,
250601076,Lakshya Agrawal,2025-27,PGDM BFS,bfs,5,B (not on the other section's list),,,,BF,
250601079,Manasvi Chaturvedi,2025-27,PGDM BFS,bfs,5,B (not on the other section's list),,,,BF,
250601083,Mohammed Abdul Razzak,2025-27,PGDM BFS,bfs,5,B (not on the other section's list),,,,BF,
250601085,Nahush Vaze,2025-27,PGDM BFS,bfs,5,B (not on the other section's list),,,,SERM,
250601086,Nandini Gupta,2025-27,PGDM BFS,bfs,5,B (not on the other section's list),,,,BF,
250601088,Nishanth Hari S,2025-27,PGDM BFS,bfs,5,B (not on the other section's list),,,,BF,
250601091,Pranil Jain,2025-27,PGDM BFS,bfs,5,B (not on the other section's list),,,,SERM,
250601095,Pulkit Saxena,2025-27,PGDM BFS,bfs,5,B (not on the other section's list),,,,BF,
250601097,Rishit Vaish,2025-27,PGDM BFS,bfs,5,B (not on the other section's list),,,,SERM,
250601099,Rohit Verma,2025-27,PGDM BFS,bfs,5,B (not on the other section's list),,,,SERM,
250601101,Saanvi Gupta,2025-27,PGDM BFS,bfs,5,B (not on the other section's list),,,,SERM,
250601102,Saatvik Sharma,2025-27,PGDM BFS,bfs,5,B (not on the other section's list),,,,BF,
250601105,Sachin Khanna,2025-27,PGDM BFS,bfs,5,B (not on the other section's list),,,,BF,
250601107,Saksham Sethi,2025-27,PGDM BFS,bfs,5,B (not on the other section's list),,,,BF,
250601108,Sana Gupta,2025-27,PGDM BFS,bfs,5,B (not on the other section's list),,,,BF,
250601111,Selina Yadav,2025-27,PGDM BFS,bfs,5,B (not on the other section's list),,,,SERM,
250601112,Shagun Somani,2025-27,PGDM BFS,bfs,5,B (not on the other section's list),,,,BF,
250601115,Shivangi Pandey,2025-27,PGDM BFS,bfs,5,B (not on the other section's list),,,,SERM,
250601116,Shlok Mineshkumar Patel,2025-27,PGDM BFS,bfs,5,B (not on the other section's list),,,,BF,
250601118,Shreya Agarwal,2025-27,PGDM BFS,bfs,5,B (not on the other section's list),,,,BF,
250601120,Siddha Pugalia,2025-27,PGDM BFS,bfs,5,B (not on the other section's list),,,,BF,
250601122,Sreebash Khan,2025-27,PGDM BFS,bfs,5,B (not on the other section's list),,,,SERM,
250601124,Subika Singh,2025-27,PGDM BFS,bfs,5,B (not on the other section's list),,,,SERM,
250601127,Pula Tereen Kumar,2025-27,PGDM BFS,bfs,5,B (not on the other section's list),,,,SERM,
250601129,Trishika Bansal,2025-27,PGDM BFS,bfs,5,B (not on the other section's list),,,,BF,
250601130,Tukej Kumar,2025-27,PGDM BFS,bfs,5,B (not on the other section's list),,,,BF,
250601132,Vaibhav Dhingra,2025-27,PGDM BFS,bfs,5,B (not on the other section's list),,,,SERM,
250601135,Vanshika,2025-27,PGDM BFS,bfs,5,B (not on the other section's list),,,,BF,
250601136,Varun Deshpande,2025-27,PGDM BFS,bfs,5,B (not on the other section's list),,,,BF,
250601138,Vedant Agrawal,2025-27,PGDM BFS,bfs,5,B (not on the other section's list),,,,BF,
250601141,Yash Bansal,2025-27,PGDM BFS,bfs,5,B (not on the other section's list),,,,SERM,
250601145,Zubin Relia,2025-27,PGDM BFS,bfs,5,B (not on the other section's list),,,,SERM,
250601146,Mahima Singhal,2025-27,PGDM BFS,bfs,5,B (not on the other section's list),,,,BF,
250601149,Devanshi Gupta,2025-27,PGDM BFS,bfs,5,B (not on the other section's list),,,,BF,
250601151,Manikarna Saha,2025-27,PGDM BFS,bfs,5,B (not on the other section's list),,,,BF,
250601152,Disha Rajesh Suvarna,2025-27,PGDM BFS,bfs,5,B (not on the other section's list),,,,SERM,
240102069,Vedansh Ambasta,2025-27,PGDM Finance,core,5,,,FIN,BA,,"BAM-A, CRA-A, FIS-A, FTBA-A, PAF-A"
250101001,Patel Aarya Arpan,2025-27,PGDM,core,5,,,FIN,SIE,,"BF-A, CCR-A, CL2-A, FTBA-A"
250101002,Abhinav Kumar,2025-27,PGDM,core,5,,,MKT,OPR,,"CM-A, CWB-B, DSCS-A, PDRM-A"
250101004,Aditya Bansal,2025-27,PGDM,core,5,,,FIN,BA,,"BAM-B, BF-A, CSIW-A, FTBA-A"
250101005,Adya Vardhan,2025-27,PGDM,core,5,,,MKT,HRM,,"ALCM-A, CM-A, CSIW-A, CTM-A"
250101006,Akash Singh,2025-27,PGDM,core,5,,,MKT,BA,,"BAM-B, CWB-A, DSL-1-A, FTBA-A"
250101007,Akshaya Mehta,2025-27,PGDM,core,5,,,HRM,MKT,,"CSIW-A, CWB-A, LEX-A"
250101008,Anaisha,2025-27,PGDM,core,5,,,MKT,BA,,"BAM-B, CM-A, CWB-B, DSL-1-A, FTBA-B"
250101009,Sastry Anand Venkatesh,2025-27,PGDM,core,5,,,FIN,MKT,,"BF-A, CWB-B, FIS-A, PDRM-B"
250101010,Ananya Bajaj,2025-27,PGDM,core,5,,,FIN,MKT,,"BAM-A, CWB-C, FIS-A, PDRM-B"
250101011,Ananya Rana,2025-27,PGDM,core,5,,,MKT,HRM,,"ALCM-A, CSIW-A, CWB-A, LEX-A"
250101012,Anikaa Sood,2025-27,PGDM,core,5,,,HRM,MKT,,"CSIW-A, CWB-A, HRST-A, LEX-A"
250101013,Animesh Gautam,2025-27,PGDM,core,5,,,MKT,ITM,,"CM-A, DSL-1-A, ITC-A, MDP-A"
250101014,Anjali Dugar,2025-27,PGDM,core,5,,,FIN,MKT,,"CWB-B, FIS-A, PDRM-B, VCPE-A"
250101015,Anubhav Verma,2025-27,PGDM,core,5,,,MKT,BA,,"BAM-A, CRM-A, FTBA-A, PDRM-B"
250101016,Anukriti Maheshwari,2025-27,PGDM,core,5,,,MKT,SIE,,"CTM-A, CWB-A, EF-A, HRST-A"
250101017,Anusha Mittal,2025-27,PGDM,core,5,,,FIN,BA,,"BAM-B, BF-A, FIS-A, FTBA-A"
250101018,Arth Gupta,2025-27,PGDM,core,5,,,FIN,BA,,"BAM-A, CRA-A, FIS-A, FTBA-A"
250101019,Aryan Shashikant Patel,2025-27,PGDM,core,5,,,MKT,SIE,,"CM-A, EF-A, HRST-A, PDRM-A"
250101020,Asmita Chugh,2025-27,PGDM,core,5,,,MKT,ITM,,"BIBC-A, CTM-A, ITC-A, MDP-A"
250101021,Aviral Jain,2025-27,PGDM,core,5,,,FIN,BA,,"BAM-A, CRA-A, FIS-A, FTBA-A, LDM-A, VCPE-A"
250101022,Ayushi Arora,2025-27,PGDM,core,5,,,FIN,HRM,,"CRA-A, CSIW-A, FIS-A, LEX-A, VCPE-A"
250101023,Bhavika Jain,2025-27,PGDM,core,5,,,FIN,MKT,,"BAM-A, CWB-C, FIS-A, PDRM-B"
250101025,Davis George Olasa,2025-27,PGDM,core,5,,,MKT,SIE,,"CCR-A, CL2-A, CWB-A, DSL-1-A"
250101026,Deev Praful Shah,2025-27,PGDM,core,5,,,MKT,FIN,,"CWB-B, LEX-A, PDRM-B, VCPE-A"
250101027,Dev Rathore,2025-27,PGDM,core,5,,,FIN,BA,,"BAM-A, CRA-A, FTBA-A, PAF-A"
250101028,Dhananjay Singh,2025-27,PGDM,core,5,,,FIN,BA,,"BAM-A, CRA-A, FIS-A, FTBA-A"
250101029,Gidugu Dharani Pavan Kumar,2025-27,PGDM,core,5,,,MKT,BA,,"BAM-A, CRM-A, DSL-1-B, FTBA-B, PDRM-B"
250101030,Dhruv Arora,2025-27,PGDM,core,5,,,FIN,MKT,,"CM-A, DSL-1-A, FIS-A, VCPE-A"
250101031,Dhruv Sadana,2025-27,PGDM,core,5,,,MKT,FIN,,"CM-A, CSIW-A, CTM-A, CWB-C, LEX-A"
250101032,Dilshan Singh Manhas,2025-27,PGDM,core,5,,,FIN,BA,,"BAM-A, CRA-A, FTBA-A, VCPE-A"
250101033,Ditipriya Ghosh,2025-27,PGDM,core,5,,,MKT,SIE,,"CCR-A, CL2-A, PDRM-A"
250101034,Divey Ahuja,2025-27,PGDM,core,5,,,FIN,BA,,"BAM-A, CRA-A, FIS-A, FTBA-A, VCPE-A"
250101035,Dyuti Bobby,2025-27,PGDM,core,5,,,MKT,BA,,"BAM-B, CWB-A, FTBA-A, PDRM-A"
250101036,Ekansh Chandra,2025-27,PGDM,core,5,,,FIN,BA,,"BAM-A, CRA-A, FIS-A, FTBA-A"
250101037,Gadeshana Koushik,2025-27,PGDM,core,5,,,OPR,BA,,"BAM-B, BIBC-A, DSCS-A, FTBA-A, LDM-A"
250101038,Giri Manish Shrinivas,2025-27,PGDM,core,5,,,FIN,BA,,"BAM-B, BF-A, CRA-A, FIS-A, FTBA-A"
250101039,Gunin Chhabra,2025-27,PGDM,core,5,,,FIN,SIE,,"BF-A, EF-A, FIS-A, HRST-A, VCPE-A"
250101040,Gurmehar Johal,2025-27,PGDM,core,5,,,OPR,BA,,"BAM-A, DSCS-A, FTBA-A, LDM-A"
250101041,Jain Harsh Sunil,2025-27,PGDM,core,5,,,MKT,BA,,"BAM-A, CRM-A, CWB-B, FTBA-B"
250101042,Thirupuranthakam Harshini,2025-27,PGDM,core,5,,,OPR,MKT,,"ALCM-A, CWB-B, DSCS-A, LDM-A, PDRM-B"
250101043,Harshit,2025-27,PGDM,core,5,,,FIN,ITM,,"BAM-B, BIBC-A, MDP-A, VCPE-A"
250101044,Harshit Arora,2025-27,PGDM,core,5,,,OPR,ITM,,"BIBC-A, FTBA-A, ITC-A, LDM-A"
250101045,Harshita,2025-27,PGDM,core,5,,,HRM,ITM,,"ALCM-A, BIBC-A, ITC-A"
250101046,Harshvardhan Singh,2025-27,PGDM,core,5,,,MKT,OPR,,"CM-A, DSCS-A, LDM-A, PDRM-A"
250101047,Himanshu Sharma,2025-27,PGDM,core,5,,,FIN,BA,,"BAM-A, CRA-A, FIS-A, FTBA-A"
250101048,Hriday Garg,2025-27,PGDM,core,5,,,FIN,BA,,"BAM-A, CRA-A, FTBA-A, PAF-A"
250101049,Ishan Budhiraja,2025-27,PGDM,core,5,,,MKT,BA,,"BAM-A, DSL-1-A, FTBA-A, MDP-A"
250101050,Ishika Garg,2025-27,PGDM,core,5,,,MKT,BA,,"BAM-B, CM-A, FTBA-A, PDRM-A"
250101051,Janvi Gupta,2025-27,PGDM,core,5,,,FIN,BA,,"BAM-B, BF-A, FIS-A, FTBA-A"
250101052,Todkar Jenil,2025-27,PGDM,core,5,,,MKT,SIE,,"CM-A, CRM-A, EF-A, HRST-A"
250101053,Jyoti Mittal,2025-27,PGDM,core,5,,,MKT,SIE,,"CWB-C, EF-A, HRST-A, PDRM-B"
250101054,Karan Gawri,2025-27,PGDM,core,5,,,MKT,OPR,,"CWB-A, DSL-1-A, LDM-A, PDRM-A"
250101055,Kashika Upadhyay,2025-27,PGDM,core,5,,,MKT,HRM,,"ALCM-A, CSIW-A, CWB-A, LEX-A"
250101056,Khushi Aggarwal,2025-27,PGDM,core,5,,,MKT,BA,,"BAM-B, CWB-A, DSL-1-A, FTBA-A, PDRM-A"
250101057,Kirti Agarwal,2025-27,PGDM,core,5,,,MKT,SIE,,"CWB-A, EF-A, HRST-A, PDRM-A"
250101058,Krishan Kant,2025-27,PGDM,core,5,,,MKT,OPR,,"CM-A, CTM-A, DSCS-A, LDM-A"
250101059,Kritika Singhal,2025-27,PGDM,core,5,,,MKT,ITM,,"CM-A, ITC-A, MDP-A, PDRM-A"
250101060,Kush Patawari,2025-27,PGDM,core,5,,,MKT,HRM,,"ALCM-A, CSIW-A, CWB-A, LEX-A"
250101061,Lakshya Bajaj,2025-27,PGDM,core,5,,,MKT,SIE,,"CM-A, EF-A, HRST-A, PDRM-A"
250101062,Lavanya Jain,2025-27,PGDM,core,5,,,HRM,MKT,,"CSIW-A, CWB-A, LEX-A, PDRM-A"
250101063,Maanav Sachdeva,2025-27,PGDM,core,5,,,FIN,BA,,"BAM-B, BF-A, FTBA-A, VCPE-A"
250101064,Manas Choudhry,2025-27,PGDM,core,5,,,MKT,SIE,,"CWB-A, DSL-1-A, EF-A, HRST-A"
250101065,Mayank Nandwani,2025-27,PGDM,core,5,,,FIN,MKT,,"CSIW-A, CTM-A, CWB-A, LEX-A"
250101066,Mehak Seth,2025-27,PGDM,core,5,,,FIN,MKT,,"BF-A, CTM-A, LEX-A, MDP-A"
250101067,Mihul Bansal,2025-27,PGDM,core,5,,,MKT,OPR,,"CM-A, CTM-A, DSCS-A, LDM-A"
250101068,Naman Gupta,2025-27,PGDM,core,5,,,FIN,MKT,,"BF-A, CTM-A, LEX-A, MDP-A"
250101069,Nandini Mittal,2025-27,PGDM,core,5,,,MKT,BA,,"BAM-B, CTM-A, CWB-A, FTBA-B"
250101070,Navya Malik,2025-27,PGDM,core,5,,,HRM,MKT,,"CSIW-A, CWB-A, HRST-A, LEX-A"
250101071,Navya Sharma,2025-27,PGDM,core,5,,,FIN,BA,,"BAM-A, FIS-A, FTBA-A, PAF-A"
250101072,Nimisha Gupta,2025-27,PGDM,core,5,,,FIN,BA,,"BAM-B, BF-A, CRA-A, FTBA-A"
250101073,Praful Deshpande,2025-27,PGDM,core,5,,,MKT,SIE,,"CWB-C, EF-A, HRST-A, PDRM-B"
250101074,Prajrumbh Sumukh Rajesh,2025-27,PGDM,core,5,,,MKT,OPR,,"CWB-A, DSCS-A, LDM-A, PDRM-A"
250101075,Praneet Ayush Manda,2025-27,PGDM,core,5,,,MKT,BA,,"BAM-A, DSL-1-A, FTBA-A, MDP-A"
250101076,Priyanshi Gupta,2025-27,PGDM,core,5,,,FIN,BA,,"BAM-A, FTBA-A, PAF-A, VCPE-A"
250101078,Rajni Soundararajan,2025-27,PGDM,core,5,,,MKT,SIE,,"CCR-A, CL2-A, DSL-1-A, PDRM-A"
250101079,Rehan Agrawal,2025-27,PGDM,core,5,,,OPR,BA,,"BAM-B, BIBC-A, DSCS-A, FTBA-A, LDM-A"
250101080,Richa Singh,2025-27,PGDM,core,5,,,MKT,HRM,,"ALCM-A, CM-A, CTM-A, LEX-A, MDP-A"
250101081,Ridhen Ajmera,2025-27,PGDM,core,5,,,FIN,OPR,,"DSL-1-A, FIS-A, LDM-A, VCPE-A"
250101082,Rishika Dutta,2025-27,PGDM,core,5,,,FIN,OPR,,"BF-A, CRA-A, DSCS-A, LDM-A"
250101083,Rishikesh Mishra,2025-27,PGDM,core,5,,,MKT,OPR,,"CM-A, CWB-B, DSCS-A, PDRM-A"
250101084,Ritik,2025-27,PGDM,core,5,,,FIN,BA,,"BAM-A, CRA-A, FTBA-A, PAF-A"
250101085,Ritvik Tonk,2025-27,PGDM,core,5,,,MKT,SIE,,"CWB-C, EF-A, HRST-A, PDRM-B"
250101086,Rohit Y B,2025-27,PGDM,core,5,,,MKT,SIE,,"CCR-A, CL2-A, CWB-A, PDRM-A"
250101087,S G Akshaykumar,2025-27,PGDM,core,5,,,MKT,SIE,,"CCR-A, CL2-A, PDRM-A"
250101088,Saatvik Sachdeva,2025-27,PGDM,core,5,,,FIN,SIE,,"BF-A, EF-A, FIS-A, HRST-A, VCPE-A"
250101089,Sachin Kansal,2025-27,PGDM,core,5,,,OPR,BA,,"ALCM-A, BAM-A, DSCS-A, FTBA-A, LDM-A"
250101090,Sagarika Sahoo,2025-27,PGDM,core,5,,,MKT,OPR,,"CTM-A, CWB-A, DSCS-A, LDM-A"
250101091,Sahil Gupta,2025-27,PGDM,core,5,,,MKT,OPR,,"CM-A, CRM-A, CTM-A, LDM-A"
250101092,Sahil Mahapatra,2025-27,PGDM,core,5,,,MKT,SIE,,"CCR-A, CL2-A, CWB-A, PDRM-A"
250101094,Samyak Jain,2025-27,PGDM,core,5,,,FIN,SIE,,"CCR-A, CL2-A, CRA-A, FIS-A"
250101095,Sathvik Bhat Kakunje,2025-27,PGDM,core,5,,,MKT,OPR,,"CTM-A, CWB-A, DSCS-A, LDM-A"
250101096,Sharvari Shirish Talwalkar,2025-27,PGDM,core,5,,,FIN,MKT,,"BF-A, CWB-C, FIS-A, PDRM-B"
250101097,Shivam Rai,2025-27,PGDM,core,5,,,OPR,MKT,,"BAM-B, CM-A, DSCS-A, LDM-A, PDRM-A"
250101098,Shivam Singhal,2025-27,PGDM,core,5,,,FIN,MKT,,"BF-A, CWB-B, PDRM-B, VCPE-A"
250101100,Shivika Khurana,2025-27,PGDM,core,5,,,MKT,FIN,,"CWB-B, FIS-A, MDP-A, PAF-A, PDRM-B"
250101101,Shubham Mehra,2025-27,PGDM,core,5,,,MKT,OPR,,"CTM-A, CWB-A, DSCS-A, LDM-A"
250101102,Shubham Sahamate,2025-27,PGDM,core,5,,,FIN,SIE,,"CCR-A, CL2-A, CRA-A, VCPE-A"
250101103,Shubham Singh,2025-27,PGDM,core,5,,,MKT,OPR,,"CWB-A, DSCS-A, LDM-A, PDRM-A"
250101104,Shubhra Aggarwal,2025-27,PGDM,core,5,,,FIN,OPR,,"BAM-B, BF-A, CRA-A, LDM-A"
250101105,Siddharth Gulati,2025-27,PGDM,core,5,,,FIN,ITM,,"BIBC-A, EF-A, MDP-A, VCPE-A"
250101106,Sneha Agarwal,2025-27,PGDM,core,5,,,FIN,BA,,"BAM-B, BF-A, FIS-A, FTBA-A, VCPE-A"
250101107,Stuti Agarwal,2025-27,PGDM,core,5,,,FIN,BA,,"BAM-B, BF-A, CRA-A, FTBA-A"
250101108,Sudheeran V S,2025-27,PGDM,core,5,,,FIN,SIE,,"CCR-A, CL2-A, FIS-A, VCPE-A"
250101109,Surbhi Sodhani,2025-27,PGDM,core,5,,,FIN,BA,,"BAM-B, BF-A, FTBA-A, VCPE-A"
250101110,Sushant Bajaj,2025-27,PGDM,core,5,,,MKT,OPR,,"CWB-A, DSCS-A, LDM-A, PDRM-A"
250101111,Syed Hassan Shahbaz,2025-27,PGDM,core,5,,,FIN,BA,,"BAM-A, FTBA-A, PAF-A, VCPE-A"
250101112,Tanish Bhadury,2025-27,PGDM,core,5,,,MKT,SIE,,"CCR-A, CL2-A, CWB-A, PDRM-A"
250101113,Tanisha Gupta,2025-27,PGDM,core,5,,,MKT,HRM,,"ALCM-A, CSIW-A, CWB-A, DSL-1-A, LEX-A"
250101114,Tanmay Jain,2025-27,PGDM,core,5,,,MKT,OPR,,"CM-A, CTM-A, LDM-A, PDRM-A"
250101115,Patel Tej Bhupendrabhai,2025-27,PGDM,core,5,,,MKT,ITM,,"BIBC-A, ITC-A, MDP-A, PDRM-A"
250101116,Urve Seyth,2025-27,PGDM,core,5,,,FIN,BA,,"BAM-B, BF-A, CRA-A, CSIW-A, FTBA-A"
250101117,Utkarsh Jain,2025-27,PGDM,core,5,,,FIN,BA,,"BAM-A, CRA-A, FTBA-A, VCPE-A"
250101118,Vansh Gupta,2025-27,PGDM,core,5,,,FIN,BA,,"BAM-B, BF-A, CRA-A, FTBA-A, VCPE-A"
250101119,Vanshika,2025-27,PGDM,core,5,,,MKT,BA,,"BAM-B, CM-A, FTBA-A, PDRM-A"
250101120,Vinayak Vasistha,2025-27,PGDM,core,5,,,FIN,MKT,,"BF-A, CTM-A, FIS-A, LEX-A"
250101121,Yerramsetti Siva Sai Venkata Deeraj,2025-27,PGDM,core,5,,,FIN,ITM,,"BAM-A, CRA-A, FIS-A, ITC-A, MDP-A"
250101122,Yuvan Kumar,2025-27,PGDM,core,5,,,MKT,HRM,,"CSIW-A, CTM-A, CWB-A, LEX-A"
250101123,Shashank Tomar,2025-27,PGDM,core,5,,,FIN,BA,,"BAM-A, CRA-A, FIS-A, FTBA-A"
250101124,Shivansh Porwal,2025-27,PGDM,core,5,,,FIN,BA,,"BAM-A, CRA-A, FTBA-A, PAF-A, VCPE-A"
250101125,Tarun Bhawnani,2025-27,PGDM,core,5,,,FIN,BA,,"BAM-A, CRA-A, FIS-A, FTBA-A"
250101126,Varun,2025-27,PGDM,core,5,,,MKT,BA,,"BAM-B, CWB-A, FTBA-A, PDRM-A"
250101127,Vishesh Singhal,2025-27,PGDM,core,5,,,OPR,ITM,,"BIBC-A, CWB-B, ITC-A, LDM-A, PDRM-A"
250101128,Aditya Verma,2025-27,PGDM,core,5,,,HRM,SIE,,"EF-A, HRST-A, LEX-A"
250101129,A Sai Charan Reddy,2025-27,PGDM,core,5,,,FIN,BA,,"BAM-A, CRA-A, FIS-A, FTBA-A, PAF-A"
250101130,Ansh Kumar,2025-27,PGDM,core,5,,,MKT,FIN,,"CRA-A, CWB-B, DSL-1-A, FIS-A"
250101131,Apoorva Aggarwal,2025-27,PGDM,core,5,,,MKT,OPR,,"BAM-B, CM-A, DSCS-A, FTBA-A, PDRM-A"
250101132,Manoshi Raha,2025-27,PGDM,core,5,,,MKT,ITM,,"DSL-1-A, ITC-A, MDP-A, PDRM-A"
250101133,Nandini Varshneya,2025-27,PGDM,core,5,,,MKT,SIE,,"CCR-A, CL2-A, CM-A, CTM-A"
250101134,Prathipati Lakshmi Sri Durga,2025-27,PGDM,core,5,,,MKT,OPR,,"ALCM-A, CWB-B, DSCS-A, LDM-A, PDRM-B"
250101135,Rishabh Prakash,2025-27,PGDM,core,5,,,MKT,OPR,,"CWB-A, DSCS-A, DSL-1-A, LDM-A"
250101136,Shivam Gupta,2025-27,PGDM,core,5,,,FIN,BA,,"BAM-B, BF-A, CRA-A, FIS-A, FTBA-B"
250101137,Trisha Goel,2025-27,PGDM,core,5,,,FIN,SIE,,"EF-A, FIS-A, HRST-A, VCPE-A"
250101138,Udit Sood,2025-27,PGDM,core,5,,,MKT,FIN,,"CSIW-A, CTM-A, CWB-A, LEX-A"
250101139,Achuth Suresh,2025-27,PGDM,core,5,,,MKT,ITM,,"BAM-A, CRM-A, ITC-A, MDP-A, PDRM-B"
250101140,Sahima Sachdeva,2025-27,PGDM,core,5,,,MKT,HRM,,"ALCM-A, CSIW-A, CWB-A, LEX-A"
250101141,Preesha Singh,2025-27,PGDM,core,5,,,MKT,FIN,,"BF-A, CRA-A, CWB-B, DSL-1-B"
250101143,Hitanshi Chauhan,2025-27,PGDM,core,5,,,MKT,SIE,,"CWB-C, EF-A, HRST-A, PDRM-B"
250101144,Taniya Patial,2025-27,PGDM,core,5,,,MKT,SIE,,"CCR-A, CL2-A, CWB-A, PDRM-A"
250101145,Arvind Sharma K,2025-27,PGDM,core,5,,,MKT,SIE,,"CM-A, CRM-A, CWB-B, EF-A, HRST-A"
250101146,Tamanna Thakur,2025-27,PGDM,core,5,,,MKT,BA,,"BAM-B, CWB-A, FTBA-A, PDRM-A"
250101147,Godbole Jaydatta Shirish,2025-27,PGDM,core,5,,,MKT,SIE,,"CCR-A, CL2-A, CWB-A, PDRM-A"
250101148,Teejisha Mittal,2025-27,PGDM,core,5,,,MKT,BA,,"BAM-B, CWB-A, DSL-1-A, FTBA-A, MDP-A"
250101149,Yash Sushil Jalan,2025-27,PGDM,core,5,,,MKT,OPR,,"CWB-A, DSCS-A, DSL-1-A, LDM-A"
250101150,Kavyash Jain,2025-27,PGDM,core,5,,,MKT,OPR,,"CM-A, CWB-B, DSCS-A, LDM-A, PDRM-A"
250101151,Prayatna Gupta,2025-27,PGDM,core,5,,,MKT,OPR,,"CTM-A, CWB-C, DSCS-A, PDRM-B"
250101152,Bhavnish Gupta,2025-27,PGDM,core,5,,,MKT,OPR,,"CWB-A, DSCS-A, LDM-A, PDRM-A"
250101153,Sanjana Singh,2025-27,PGDM,core,5,,,MKT,BA,,"BAM-B, CTM-A, CWB-A, FTBA-B"
250101154,Akashdeep Singh,2025-27,PGDM,core,5,,,MKT,HRM,,"ALCM-A, CM-A, CWB-B, LEX-A"
250101155,Paridhi Parwal,2025-27,PGDM,core,5,,,MKT,BA,,"BAM-B, CTM-A, CWB-A, FTBA-B"
250101156,Tanishq Bhalla,2025-27,PGDM,core,5,,,FIN,MKT,,"BF-A, CSIW-A, CTM-A, CWB-C, LEX-A, VCPE-A"
250102001,Aaditya Uppal,2025-27,PGDM Finance,core,5,,,FIN,BA,,"BAM-A, CRA-A, FIS-A, FTBA-B"
250102002,Aarav S S,2025-27,PGDM Finance,core,5,,,FIN,BA,,"BAM-A, FIS-A, FTBA-B, PAF-A"
250102003,Abhishek Vidhani,2025-27,PGDM Finance,core,5,,,FIN,SIE,,"CCR-A, CL2-A, CRA-A, FIS-A"
250102004,Aditya Poddar,2025-27,PGDM Finance,core,5,,,FIN,ES,,"CRA-A, CSIW-A, LEX-A, VCPE-A"
250102005,Akshita Sharma,2025-27,PGDM Finance,core,5,,,FIN,SIE,,"BF-A, CCR-A, CL2-A, FTBA-A"
250102006,Akshita Sinha,2025-27,PGDM Finance,core,5,,,FIN,BA,,"BAM-B, BF-A, CRA-A, FIS-A, FTBA-B"
250102007,Ananya Bakliwal,2025-27,PGDM Finance,core,5,,,FIN,BA,,"BAM-A, FIS-A, FTBA-B, VCPE-A"
250102008,Anoushka Menon,2025-27,PGDM Finance,core,5,,,FIN,BA,,"BAM-A, CRA-A, FTBA-B, VCPE-A"
250102009,Arnav Juneja,2025-27,PGDM Finance,core,5,,,FIN,BA,,"BAM-B, BF-A, FTBA-B, VCPE-A"
250102010,Ishika Arya,2025-27,PGDM Finance,core,5,,,FIN,SIE,,"BF-A, EF-A, FIS-A, HRST-A, VCPE-A"
250102011,Kalash Bansal,2025-27,PGDM Finance,core,5,,,FIN,SIE,,"CCR-A, CL2-A, CRA-A, FIS-A"
250102012,Kush Goyal,2025-27,PGDM Finance,core,5,,,FIN,OPR,,"CRA-A, DSCS-A, FIS-A, LDM-A"
250102013,Maitri Biren Dave,2025-27,PGDM Finance,core,5,,,FIN,MKT,,"CRA-A, DSL-1-A, FIS-A, PAF-A"
250102014,Mayur Dewangan,2025-27,PGDM Finance,core,5,,,FIN,BA,,"BAM-B, BF-A, FIS-A, FTBA-B, VCPE-A"
250102015,Mohit Gurbani,2025-27,PGDM Finance,core,5,,,FIN,BA,,"BAM-A, FIS-A, FTBA-B, VCPE-A"
250102016,Priyal Arora,2025-27,PGDM Finance,core,5,,,FIN,BA,,"BAM-A, CRA-A, FIS-A, FTBA-B"
250102017,Priyanshu Jyala,2025-27,PGDM Finance,core,5,,,FIN,BA,,"BAM-A, CRA-A, FTBA-B, VCPE-A"
250102018,Rajat Rana,2025-27,PGDM Finance,core,5,,,FIN,SIE,,"BF-A, CCR-A, CL2-A, FIS-A, VCPE-A"
250102019,Rohil Rajesh Saraf,2025-27,PGDM Finance,core,5,,,FIN,MKT,,"CRA-A, DSL-1-A, FIS-A, PAF-A"
250102021,Shaurya Maheshwari,2025-27,PGDM Finance,core,5,,,FIN,BA,,"BAM-A, CRA-A, FTBA-B, VCPE-A"
250102022,Shubhi Narayan,2025-27,PGDM Finance,core,5,,,FIN,OPR,,"BF-A, DSCS-A, LDM-A, VCPE-A"
250102023,Utkarsh Goel,2025-27,PGDM Finance,core,5,,,FIN,BA,,"BAM-A, CRA-A, FIS-A, FTBA-B, PAF-A"
250102024,Vaibhav Dua,2025-27,PGDM Finance,core,5,,,FIN,ITM,,"BIBC-A, EF-A, MDP-A, VCPE-A"
250102025,Valluri Sairam Satvik,2025-27,PGDM Finance,core,5,,,FIN,SIE,,"CCR-A, CL2-A, FIS-A, VCPE-A"
250102026,Vedika Mehra,2025-27,PGDM Finance,core,5,,,FIN,BA,,"BAM-A, CRA-A, FIS-A, FTBA-B"
250102027,Vratika Ajmera,2025-27,PGDM Finance,core,5,,,FIN,BA,,"BAM-A, CRA-A, FTBA-B, VCPE-A"
250102028,Adya Sharma,2025-27,PGDM Finance,core,5,,,FIN,SIE,,"CCR-A, CL2-A, FIS-A, FTBA-A"
250102029,Aniruddh Singh Tak,2025-27,PGDM Finance,core,5,,,FIN,MKT,,"CWB-B, PAF-A, PDRM-B, VCPE-A"
250102030,Shashank Mishra,2025-27,PGDM Finance,core,5,,,FIN,ITM,,"BIBC-A, FTBA-B, ITC-A, VCPE-A"
250102031,Japjit Kaur,2025-27,PGDM Finance,core,5,,,FIN,ITM,,"BAM-B, BIBC-A, FIS-A, MDP-A, VCPE-A"
250103001,Aadya Manan,2025-27,PGDM Marketing,core,5,,,MKT,HRM,,"ALCM-A, CWB-B, LEX-A, MDP-A, PDRM-B"
250103002,Aarya Yogesh Thipse,2025-27,PGDM Marketing,core,5,,,MKT,OPR,,"CWB-A, DSCS-A, LDM-A, PDRM-A"
250103003,Abhinav Bansal,2025-27,PGDM Marketing,core,5,,,MKT,OPR,,"CM-A, CTM-A, DSCS-A, PDRM-A"
250103004,Adit Ruhil,2025-27,PGDM Marketing,core,5,,,MKT,BA,,"BAM-B, CTM-A, CWB-A, FTBA-B"
250103005,Aditi Kundra,2025-27,PGDM Marketing,core,5,,,MKT,ITM,,"CRM-A, CWB-A, ITC-A, MDP-A"
250103006,Aditya Yadav,2025-27,PGDM Marketing,core,5,,,MKT,SIE,,"CRM-A, DSL-1-A, EF-A, HRST-A"
250103008,Amolika Agrawal,2025-27,PGDM Marketing,core,5,,,MKT,HRM,,"ALCM-A, CSIW-A, CWB-B, ITC-A, PDRM-A"
250103009,Ananya Goyal,2025-27,PGDM Marketing,core,5,,,MKT,HRM,,"ALCM-A, CWB-B, DSL-1-B, LEX-A, PDRM-B"
250103010,Anaswara M Nair,2025-27,PGDM Marketing,core,5,,,MKT,FIN,,"DSCS-A, LDM-A, PDRM-B, VCPE-A"
250103011,Anika Shukla,2025-27,PGDM Marketing,core,5,,,MKT,FIN,,"BF-A, CWB-B, FIS-A, PDRM-B"
250103012,Anish Sharma,2025-27,PGDM Marketing,core,5,,,MKT,ITM,,"CTM-A, DSL-1-A, ITC-A, MDP-A"
250103013,Anjali Priya,2025-27,PGDM Marketing,core,5,,,MKT,SIE,,"CCR-A, CL2-A, CM-A, CTM-A"
250103014,Anmol Chadha,2025-27,PGDM Marketing,core,5,,,MKT,BA,,"BAM-B, CTM-A, CWB-A, FTBA-B"
250103015,Anshdeep Kaur Ajmani,2025-27,PGDM Marketing,core,5,,,MKT,HRM,,"CSIW-A, CTM-A, CWB-A, DSL-1-A, LEX-A"
250103016,Anshika Goel,2025-27,PGDM Marketing,core,5,,,MKT,SIE,,"CWB-A, EF-A, HRST-A, PDRM-A"
250103017,Anshu Goel,2025-27,PGDM Marketing,core,5,,,MKT,HRM,,"CSIW-A, CTM-A, CWB-A, LEX-A"
250103018,Antra Prasad,2025-27,PGDM Marketing,core,5,,,MKT,HRM,,"CRM-A, CSIW-A, CWB-A, LEX-A"
250103019,Anubhuti Srivastava,2025-27,PGDM Marketing,core,5,,,MKT,HRM,,"ALCM-A, CM-A, CWB-B, LEX-A"
250103020,Anushka Kochgawe,2025-27,PGDM Marketing,core,5,,,MKT,SIE,,"CCR-A, CL2-A, CM-A, CTM-A, PDRM-A"
250103021,Anveyshika Misra,2025-27,PGDM Marketing,core,5,,,MKT,BA,,"BAM-B, CTM-A, CWB-A, FTBA-B"
250103022,Apoorva Pant,2025-27,PGDM Marketing,core,5,,,MKT,BA,,"BAM-A, CWB-C, FTBA-A, MDP-A"
250103023,Arav Gupta,2025-27,PGDM Marketing,core,5,,,MKT,HRM,,"BIBC-A, CSIW-A, CWB-B, LEX-A"
250103024,Arham Singla,2025-27,PGDM Marketing,core,5,,,MKT,HRM,,"BIBC-A, CSIW-A, DSL-1-A, LEX-A"
250103025,Shah Arjav Nileshkumar,2025-27,PGDM Marketing,core,5,,,MKT,HRM,,"CM-A, CSIW-A, CTM-A, LEX-A"
250103026,Arpit Jain,2025-27,PGDM Marketing,core,5,,,MKT,SIE,,"EF-A, HRST-A, LEX-A, PDRM-B"
250103027,Arpit Jain,2025-27,PGDM Marketing,core,5,,,MKT,OPR,,"CM-A, CTM-A, DSCS-A, DSL-1-A, LDM-A"
250103029,Arvind Jha,2025-27,PGDM Marketing,core,5,,,MKT,FIN,,"CM-A, CSIW-A, CWB-B, PDRM-A"
250103030,Ashwini Jha,2025-27,PGDM Marketing,core,5,,,MKT,BA,,"BAM-B, CM-A, CWB-B, FTBA-B"
250103032,Bhavya Vashishtha,2025-27,PGDM Marketing,core,5,,,MKT,HRM,,"BIBC-A, CSIW-A, CWB-B, LEX-A"
250103033,Chirag Dhamejani,2025-27,PGDM Marketing,core,5,,,MKT,HRM,,"ALCM-A, CWB-B, DSL-1-B, LEX-A, MDP-A, PDRM-B"
250103034,Dakksh Pahuja,2025-27,PGDM Marketing,core,5,,,MKT,FIN,,"CM-A, CTM-A, CWB-C, LEX-A"
250103035,Deekshitha S,2025-27,PGDM Marketing,core,5,,,MKT,OPR,,"CM-A, CWB-B, DSCS-A, PDRM-A"
250103036,Deepshikha Bothra,2025-27,PGDM Marketing,core,5,,,MKT,BA,,"BAM-B, CWB-A, DSL-1-A, FTBA-B"
250103037,Devesh,2025-27,PGDM Marketing,core,5,,,MKT,SIE,,"CWB-A, EF-A, HRST-A, LEX-A, PDRM-A"
250103038,Dimpy Rathi,2025-27,PGDM Marketing,core,5,,,MKT,OPR,,"CM-A, CWB-B, LDM-A, PDRM-A"
250103039,Gargi,2025-27,PGDM Marketing,core,5,,,MKT,OPR,,"CWB-A, DSCS-A, LDM-A, PDRM-A"
250103040,Gautham Meghalaya Premchand,2025-27,PGDM Marketing,core,5,,,MKT,SIE,,"CCR-A, CL2-A, DSL-1-A, PDRM-A"
250103041,Gyanabrata Lahkar,2025-27,PGDM Marketing,core,5,,,MKT,ITM,,"CWB-A, ITC-A, MDP-A, PDRM-A"
250103042,Hardik Bajaj,2025-27,PGDM Marketing,core,5,,,MKT,BA,,"BAM-A, CRM-A, CTM-A, DSL-1-A, FTBA-B, ITC-A"
250103043,Harsh,2025-27,PGDM Marketing,core,5,,,MKT,OPR,,"ALCM-A, CWB-B, DSCS-A, LDM-A, PDRM-B"
250103044,Harsh Chaturvedi,2025-27,PGDM Marketing,core,5,,,MKT,OPR,,"CM-A, CWB-C, DSCS-A, LDM-A"
250103045,Harsh Srivastava,2025-27,PGDM Marketing,core,5,,,MKT,SIE,,"CM-A, CWB-C, EF-A, HRST-A"
250103046,Harshita Khurana,2025-27,PGDM Marketing,core,5,,,MKT,ITM,,"BIBC-A, CWB-B, ITC-A, MDP-A, PDRM-A"
250103047,Hetal Rajput,2025-27,PGDM Marketing,core,5,,,MKT,HRM,,"CSIW-A, CTM-A, CWB-A, LEX-A"
250103049,Isha Gupta,2025-27,PGDM Marketing,core,5,,,MKT,SIE,,"CWB-A, DSL-1-A, EF-A, HRST-A"
250103050,Ishika Jain,2025-27,PGDM Marketing,core,5,,,MKT,HRM,,"ALCM-A, CWB-A, DSL-1-A, LEX-A"
250103051,Ishika Malu,2025-27,PGDM Marketing,core,5,,,MKT,SIE,,"CWB-A, DSL-1-A, EF-A, HRST-A, PDRM-A"
250103052,Ishikaa Surana,2025-27,PGDM Marketing,core,5,,,MKT,OPR,,"CWB-C, DSCS-A, LDM-A, PDRM-B"
250103054,Jalaj Jain,2025-27,PGDM Marketing,core,5,,,MKT,HRM,,"CM-A, CSIW-A, DSL-1-A, LEX-A"
250103055,Jashan N Bafna,2025-27,PGDM Marketing,core,5,,,MKT,OPR,,"CM-A, CTM-A, DSCS-A, LDM-A"
250103056,Jaya Gomathi Mirra R,2025-27,PGDM Marketing,core,5,,,MKT,SIE,,"CCR-A, CL2-A, PDRM-A"
250103058,Jhanvi Pandey,2025-27,PGDM Marketing,core,5,,,MKT,HRM,,"CSIW-A, CWB-A, LEX-A, PDRM-A"
250103059,Jyes Agarwal,2025-27,PGDM Marketing,core,5,,,MKT,HRM,,"CM-A, CSIW-A, DSL-1-A, LEX-A"
250103060,Jyotika Shree,2025-27,PGDM Marketing,core,5,,,MKT,BA,,"BAM-B, CTM-A, DSL-1-A, FTBA-B"
250103061,Kabir Banga,2025-27,PGDM Marketing,core,5,,,MKT,SIE,,"CM-A, CTM-A, EF-A, HRST-A"
250103062,Kanishk Awasthi,2025-27,PGDM Marketing,core,5,,,MKT,SIE,,"CWB-A, DSL-1-A, EF-A, HRST-A"
250103063,Kanishk Tayal,2025-27,PGDM Marketing,core,5,,,MKT,OPR,,"CWB-A, DSCS-A, LDM-A, PDRM-A"
250103064,Kartick H Singh,2025-27,PGDM Marketing,core,5,,,MKT,ITM,,"CWB-A, DSL-1-A, ITC-A, MDP-A"
250103065,Parekh Kashish Sanjay,2025-27,PGDM Marketing,core,5,,,MKT,HRM,,"ALCM-A, BAM-A, CSIW-A, CWB-B, LEX-A"
250103067,Keshav Yadav,2025-27,PGDM Marketing,core,5,,,MKT,SIE,,"CM-A, CWB-C, EF-A, HRST-A"
250103068,Shah Khushi Parag,2025-27,PGDM Marketing,core,5,,,MKT,HRM,,"ALCM-A, CSIW-A, CWB-B, PDRM-B"
250103069,Krati Garg,2025-27,PGDM Marketing,core,5,,,MKT,BA,,"BAM-B, CM-A, FTBA-B, PDRM-A"
250103070,Krish Agarwal,2025-27,PGDM Marketing,core,5,,,MKT,HRM,,"CM-A, CSIW-A, DSL-1-A, LEX-A"
250103071,Krishna Goyal,2025-27,PGDM Marketing,core,5,,,MKT,HRM,,"ALCM-A, CWB-B, DSL-1-B, LEX-A, PDRM-B"
250103072,Kushal Goyal,2025-27,PGDM Marketing,core,5,,,MKT,SIE,,"CTM-A, EF-A, HRST-A, PDRM-B"
250103073,Lavanya Bagaria,2025-27,PGDM Marketing,core,5,,,MKT,BA,,"BAM-B, DSL-1-A, FTBA-B, PDRM-A"
250103074,Lipi Baid,2025-27,PGDM Marketing,core,5,,,MKT,OPR,,"CWB-B, DSCS-A, LDM-A, PDRM-A"
250103075,Mansi Bagri,2025-27,PGDM Marketing,core,5,,,MKT,HRM,,"CSIW-A, CWB-B, DSL-1-B, LEX-A"
250103077,Manya Tripathi,2025-27,PGDM Marketing,core,5,,,MKT,HRM,,"CSIW-A, CWB-B, LEX-A, PDRM-A"
250103078,Marut Mishra,2025-27,PGDM Marketing,core,5,,,MKT,BA,,"BAM-B, CWB-B, FTBA-B, PDRM-A"
250103079,Mayank Tyagi,2025-27,PGDM Marketing,core,5,,,MKT,HRM,,"ALCM-A, CSIW-A, CWB-B, LEX-A"
250103080,Md Nabeel Rashid,2025-27,PGDM Marketing,core,5,,,MKT,OPR,,"CWB-B, DSCS-A, LDM-A, PDRM-A"
250103081,Meet Mehta,2025-27,PGDM Marketing,core,5,,,MKT,BA,,"BAM-A, CRM-A, CWB-B, FTBA-B"
250103082,Mihika Srivastava,2025-27,PGDM Marketing,core,5,,,MKT,BA,,"BAM-B, CWB-B, FTBA-B, PDRM-A"
250103083,Nasiha Hajira,2025-27,PGDM Marketing,core,5,,,MKT,OPR,,"CWB-C, DSCS-A, DSL-1-B, LDM-A"
250103084,Navya Kohli,2025-27,PGDM Marketing,core,5,,,MKT,BA,,"BAM-B, CWB-B, FTBA-B, PDRM-A"
250103085,Neha,2025-27,PGDM Marketing,core,5,,,MKT,BA,,"BAM-B, CTM-A, FTBA-B, PDRM-A"
250103086,Nidhi Verghese,2025-27,PGDM Marketing,core,5,,,MKT,HRM,,"CSIW-A, CWB-C, DSL-1-B, LEX-A"
250103087,Nikunj Jhanwar,2025-27,PGDM Marketing,core,5,,,MKT,OPR,,"CWB-B, DSCS-A, LDM-A, PDRM-A"
250103089,Jupally Nithin Rao,2025-27,PGDM Marketing,core,5,,,MKT,BA,,"BAM-B, CWB-B, DSL-1-B, FTBA-B"
250103090,Chatterjee Nymphia,2025-27,PGDM Marketing,core,5,,,MKT,SIE,,"CCR-A, CL2-A, CWB-B, DSL-1-B, PDRM-B"
250103091,Palak Bakshi,2025-27,PGDM Marketing,core,5,,,MKT,BA,,"BAM-A, CRM-A, CWB-B, FTBA-B"
250103092,Jain Pallak,2025-27,PGDM Marketing,core,5,,,MKT,HRM,,"CSIW-A, CWB-C, DSL-1-B, LEX-A"
250103094,Parnika Gupta,2025-27,PGDM Marketing,core,5,,,MKT,OPR,,"ALCM-A, CWB-B, DSCS-A, LDM-A, PDRM-B"
250103095,Piyush Sharma,2025-27,PGDM Marketing,core,5,,,MKT,SIE,,"CCR-A, CL2-A, CM-A, PDRM-A"
250103096,Praagya Gupta,2025-27,PGDM Marketing,core,5,,,MKT,OPR,,"CWB-C, DSL-1-B, LDM-A, PDRM-B"
250103097,Prachi Sharma,2025-27,PGDM Marketing,core,5,,,MKT,HRM,,"CM-A, CRM-A, CSIW-A, CWB-B, DSL-1-B, LEX-A"
250103098,Prachir Agarwal,2025-27,PGDM Marketing,core,5,,,MKT,BA,,"BAM-B, CWB-B, DSL-1-B, FTBA-B"
250103099,Pragun Ruprail,2025-27,PGDM Marketing,core,5,,,MKT,SIE,,"CWB-A, EF-A, HRST-A, LEX-A"
250103100,Pragya Gupta,2025-27,PGDM Marketing,core,5,,,MKT,HRM,,"CSIW-A, CWB-C, DSL-1-B, LEX-A"
250103101,Pranjul Kalika,2025-27,PGDM Marketing,core,5,,,MKT,SIE,,"CWB-C, EF-A, HRST-A, PDRM-B"
250103102,Pratik Satish Kumbhar,2025-27,PGDM Marketing,core,5,,,MKT,BA,,"BAM-B, CM-A, FTBA-B, LEX-A"
250103103,Pratyush Chaturvedi,2025-27,PGDM Marketing,core,5,,,MKT,SIE,,"CCR-A, CL2-A, CM-A, CWB-B, PDRM-A"
250103106,Pulkit Rathi,2025-27,PGDM Marketing,core,5,,,MKT,ITM,,"CWB-C, ITC-A, MDP-A, PDRM-B"
250103107,Pulkit Singh,2025-27,PGDM Marketing,core,5,,,MKT,ITM,,"BIBC-A, CRM-A, CWB-B, ITC-A"
250103109,Raina Mishra,2025-27,PGDM Marketing,core,5,,,MKT,HRM,,"CM-A, CSIW-A, CTM-A, CWB-C, HRST-A, LEX-A"
250103110,Raj Srivastava,2025-27,PGDM Marketing,core,5,,,MKT,SIE,,"CCR-A, CL2-A, CTM-A, CWB-A"
250103111,Ridhi,2025-27,PGDM Marketing,core,5,,,MKT,OPR,,"CM-A, CWB-C, DSCS-A, LDM-A"
250103112,Rishabh Pokhriyal,2025-27,PGDM Marketing,core,5,,,MKT,OPR,,"CWB-C, DSCS-A, LDM-A, PDRM-B"
250103113,Rishabh Tiwari,2025-27,PGDM Marketing,core,5,,,MKT,ITM,,"BIBC-A, DSL-1-B, ITC-A, MDP-A"
250103114,Ritik Kumar,2025-27,PGDM Marketing,core,5,,,MKT,BA,,"BAM-A, CTM-A, CWB-C, FTBA-B"
250103115,Riya Jain,2025-27,PGDM Marketing,core,5,,,MKT,OPR,,"ALCM-A, CWB-B, DSCS-A, LDM-A, PDRM-B"
250103116,Riya Tandon,2025-27,PGDM Marketing,core,5,,,MKT,HRM,,"CSIW-A, CWB-C, DSL-1-B, LEX-A"
250103117,Rohan Gupta,2025-27,PGDM Marketing,core,5,,,MKT,BA,,"BAM-A, CWB-C, DSL-1-B, FTBA-B"
250103118,Rounok Ghosh,2025-27,PGDM Marketing,core,5,,,MKT,HRM,,"ALCM-A, CSIW-A, CWB-B, LEX-A, PDRM-B"
250103119,Rujula Deependra Karanjkar,2025-27,PGDM Marketing,core,5,,,MKT,BA,,"BAM-B, DSL-1-B, FTBA-B, PDRM-B"
250103120,Saanchi Lad,2025-27,PGDM Marketing,core,5,,,MKT,HRM,,"CM-A, CSIW-A, CTM-A, CWB-C, LEX-A"
250103121,Saksham Goel,2025-27,PGDM Marketing,core,5,,,MKT,SIE,,"BIBC-A, CWB-C, EF-A, HRST-A"
250103122,Samaksh Aggarwal,2025-27,PGDM Marketing,core,5,,,MKT,BA,,"BAM-A, CTM-A, CWB-C, FTBA-B"
250103123,Samarth Sharma,2025-27,PGDM Marketing,core,5,,,MKT,FIN,,"BF-A, CTM-A, PDRM-B, VCPE-A"
250103125,Gorule Sankita Vishwanath,2025-27,PGDM Marketing,core,5,,,MKT,ITM,,"BIBC-A, CRM-A, CWB-B, ITC-A"
250103126,Sarth Jain,2025-27,PGDM Marketing,core,5,,,MKT,SIE,,"CM-A, CTM-A, EF-A, HRST-A"
250103127,Satyankar,2025-27,PGDM Marketing,core,5,,,MKT,ITM,,"DSL-1-B, ITC-A, MDP-A, PDRM-B"
250103128,Shashank Teotia,2025-27,PGDM Marketing,core,5,,,MKT,HRM,,"ALCM-A, CWB-B, DSL-1-B, LEX-A"
250103129,Dandha Shashidhar,2025-27,PGDM Marketing,core,5,,,MKT,OPR,,"BIBC-A, CWB-C, DSCS-A, DSL-1-B, LDM-A"
250103130,Shashwat Pawha,2025-27,PGDM Marketing,core,5,,,MKT,OPR,,"CM-A, CWB-B, DSCS-A, PDRM-A"
250103131,Shaurya Pabby,2025-27,PGDM Marketing,core,5,,,MKT,ITM,,"CM-A, CWB-C, ITC-A, MDP-A"
250103132,Sheen Salman,2025-27,PGDM Marketing,core,5,,,MKT,HRM,,"CSIW-A, CWB-C, DSL-1-B, LEX-A"
250103133,Shiva Velnati,2025-27,PGDM Marketing,core,5,,,MKT,SIE,,"CWB-C, EF-A, HRST-A, PDRM-B"
250103134,Shivam Dhall,2025-27,PGDM Marketing,core,5,,,MKT,SIE,,"CTM-A, CWB-C, EF-A, HRST-A"
250103135,Shivam Jhamb,2025-27,PGDM Marketing,core,5,,,MKT,SIE,,"CM-A, CWB-C, EF-A, HRST-A"
250103136,Shreyansh Jain,2025-27,PGDM Marketing,core,5,,,MKT,OPR,,"CM-A, ITC-A, LDM-A, PDRM-A"
250103137,Shristi Agrawal,2025-27,PGDM Marketing,core,5,,,MKT,OPR,,"CM-A, DSCS-A, DSL-1-B, MDP-A"
250103138,Shubham Rai,2025-27,PGDM Marketing,core,5,,,MKT,OPR,,"CM-A, CTM-A, CWB-C, DSCS-A, HRST-A, LDM-A"
250103139,Shwetambara Anant Sahay,2025-27,PGDM Marketing,core,5,,,MKT,ITM,,"BIBC-A, CWB-C, ITC-A, MDP-A"
250103140,Simran Goel,2025-27,PGDM Marketing,core,5,,,MKT,BA,,"BAM-B, CM-A, DSL-1-B, FTBA-B"
250103141,Sneha Jain,2025-27,PGDM Marketing,core,5,,,MKT,SIE,,"CWB-C, EF-A, HRST-A, PDRM-B"
250103142,Soham Goswami,2025-27,PGDM Marketing,core,5,,,MKT,HRM,,"ALCM-A, CWB-B, DSL-1-B, LEX-A"
250103143,Soham Niraj Kothawala,2025-27,PGDM Marketing,core,5,,,MKT,SIE,,"CCR-A, CL2-A, CWB-A, PDRM-A"
250103144,Srijan Chaki,2025-27,PGDM Marketing,core,5,,,MKT,OPR,,"CWB-A, DSCS-A, LDM-A, PDRM-A"
250103145,Sukanya Bhuyan,2025-27,PGDM Marketing,core,5,,,MKT,OPR,,"CM-A, CWB-B, DSCS-A, LDM-A, PDRM-A"
250103146,Sumedha Bhutani,2025-27,PGDM Marketing,core,5,,,MKT,BA,,"BAM-A, CRM-A, CWB-B, FTBA-B, PDRM-B"
250103147,Sumedha Potdar,2025-27,PGDM Marketing,core,5,,,MKT,ITM,,"BIBC-A, ITC-A, MDP-A, PDRM-A"
250103149,Suvanshi Bhatia,2025-27,PGDM Marketing,core,5,,,MKT,FIN,,"BF-A, CWB-B, EF-A, PDRM-B, VCPE-A"
250103150,Sveda Aggerwhil,2025-27,PGDM Marketing,core,5,,,MKT,HRM,,"ALCM-A, CWB-B, DSL-1-B, LEX-A"
250103151,Tamanna Goel,2025-27,PGDM Marketing,core,5,,,MKT,BA,,"BAM-B, CM-A, FTBA-B, PDRM-A"
250103153,Tanisha D Gupta,2025-27,PGDM Marketing,core,5,,,MKT,OPR,,"CRM-A, CWB-A, DSCS-A, LDM-A"
250103154,Tanisha Didwania,2025-27,PGDM Marketing,core,5,,,MKT,OPR,,"CWB-C, DSCS-A, FTBA-A, LDM-A"
250103155,Tanishk Lakhera,2025-27,PGDM Marketing,core,5,,,MKT,OPR,,"CTM-A, CWB-C, DSCS-A, LDM-A"
250103158,Tithi Sarkar,2025-27,PGDM Marketing,core,5,,,MKT,HRM,,"ALCM-A, CSIW-A, CWB-B, LEX-A"
250103159,Toshini Pathak,2025-27,PGDM Marketing,core,5,,,MKT,OPR,,"CWB-C, DSCS-A, LDM-A, PDRM-B"
250103160,Uneet Rathore,2025-27,PGDM Marketing,core,5,,,MKT,SIE,,"CWB-C, EF-A, HRST-A, PDRM-B"
250103161,Upasana Khanduri,2025-27,PGDM Marketing,core,5,,,MKT,OPR,,"CM-A, CTM-A, DSCS-A, LDM-A"
250103162,Utkarsh Mittal,2025-27,PGDM Marketing,core,5,,,MKT,OPR,,"CWB-C, DSCS-A, LDM-A, PDRM-B"
250103164,Vasu Gupta,2025-27,PGDM Marketing,core,5,,,MKT,HRM,,"CM-A, CSIW-A, DSL-1-B, LEX-A"
250103165,Vibhor Sharma,2025-27,PGDM Marketing,core,5,,,MKT,BA,,"BAM-B, CM-A, FTBA-B, PDRM-A"
250103166,Vidhisha Harlalka,2025-27,PGDM Marketing,core,5,,,MKT,BA,,"BAM-A, CWB-C, FTBA-B, PDRM-B"
250103167,Vinayak A Sharma,2025-27,PGDM Marketing,core,5,,,MKT,HRM,,"CSIW-A, CWB-C, DSL-1-B, LEX-A"
250103168,Vishnu Aji,2025-27,PGDM Marketing,core,5,,,MKT,OPR,,"CWB-C, DSCS-A, DSL-1-B, LDM-A, PDRM-B"
250103169,Yaman Singh Rawat,2025-27,PGDM Marketing,core,5,,,MKT,OPR,,"CWB-C, DSCS-A, LDM-A, PDRM-B"
250103171,Yashaswini Gupta,2025-27,PGDM Marketing,core,5,,,MKT,HRM,,"CSIW-A, CTM-A, CWB-C, DSL-1-B, LEX-A"
250103172,Yashika Gupta,2025-27,PGDM Marketing,core,5,,,MKT,BA,,"BAM-A, CTM-A, CWB-C, FTBA-B"
250103173,Yuganshu Bhagat,2025-27,PGDM Marketing,core,5,,,MKT,HRM,,"ALCM-A, CSIW-A, CWB-B, DSL-1-B, LEX-A"
250103174,Aakash Jain,2025-27,PGDM Marketing,core,5,,,MKT,BA,,"BAM-A, CTM-A, CWB-C, FTBA-B"
250103175,Aakriti Mishra,2025-27,PGDM Marketing,core,5,,,MKT,HRM,,"CSIW-A, CWB-C, LEX-A, PDRM-B"
250103176,Aashna Jajodia,2025-27,PGDM Marketing,core,5,,,MKT,ITM,,"CRM-A, CWB-A, ITC-A, MDP-A"
250103177,Chirag Gupta,2025-27,PGDM Marketing,core,5,,,MKT,HRM,,"BIBC-A, CSIW-A, CWB-C, LEX-A"
250103178,Divyanshu Joshi,2025-27,PGDM Marketing,core,5,,,MKT,OPR,,"CM-A, CTM-A, DSCS-A, LDM-A"
250103179,Gupta Diya Mahesh,2025-27,PGDM Marketing,core,5,,,MKT,OPR,,"CWB-C, DSL-1-B, LDM-A, PDRM-B"
250103180,Dushyant Singh,2025-27,PGDM Marketing,core,5,,,MKT,SIE,,"CWB-C, EF-A, HRST-A, PDRM-B"
250103182,Gaurika Wahal,2025-27,PGDM Marketing,core,5,,,MKT,HRM,,"CSIW-A, CWB-C, LEX-A, PDRM-B"
250103183,Himani Agrawal,2025-27,PGDM Marketing,core,5,,,MKT,BA,,"BAM-A, CTM-A, CWB-C, FTBA-B, PDRM-B"
250103184,Bhandari Krish Sanjay,2025-27,PGDM Marketing,core,5,,,MKT,OPR,,"CM-A, CWB-B, LDM-A, PDRM-A"
250103185,Naman Deep Sharma,2025-27,PGDM Marketing,core,5,,,MKT,HRM,,"CSIW-A, CWB-C, DSL-1-B, LEX-A"
250103186,Nikhil Sachdev,2025-27,PGDM Marketing,core,5,,,MKT,SIE,,"CRM-A, EF-A, HRST-A, PDRM-B"
250103187,Rohan Bhatia,2025-27,PGDM Marketing,core,5,,,MKT,FIN,,"BF-A, CWB-C, LEX-A, PDRM-B, VCPE-A"
250103188,Saanidhya Bhardwaj,2025-27,PGDM Marketing,core,5,,,MKT,SIE,,"CWB-C, EF-A, HRST-A, PDRM-B"
250103189,Shambhavi Singh,2025-27,PGDM Marketing,core,5,,,MKT,SIE,,"CCR-A, CL2-A, PDRM-B"
250103190,Shreyas Krishna,2025-27,PGDM Marketing,core,5,,,MKT,FIN,,"BAM-A, CWB-C, DSL-1-B, PDRM-B"
250103191,Akshara Munje,2025-27,PGDM Marketing,core,5,,,MKT,OPR,,"CWB-C, DSCS-A, DSL-1-B, LDM-A"
250103192,Anannya Agarwal,2025-27,PGDM Marketing,core,5,,,MKT,ITM,,"BAM-B, BIBC-A, CWB-B, ITC-A, MDP-A"
250103193,Ratika Balkrishna Khedkar,2025-27,PGDM Marketing,core,5,,,MKT,OPR,,"CWB-C, DSCS-A, DSL-1-B, LDM-A"
250103194,Shristi Nanda,2025-27,PGDM Marketing,core,5,,,MKT,HRM,,"CSIW-A, CWB-C, LEX-A, PDRM-B"
250103195,Shelja Puri,2025-27,PGDM Marketing,core,5,,,MKT,SIE,,"CM-A, EF-A, HRST-A, PDRM-A"
250103196,Anushka Bharti,2025-27,PGDM Marketing,core,5,,,MKT,ITM,,"BAM-A, CRM-A, ITC-A, MDP-A, PDRM-B"
250103197,Saket Balasaheb Pawar,2025-27,PGDM Marketing,core,5,,,MKT,OPR,,"CM-A, CTM-A, DSCS-A, PDRM-A"
250103199,Sidhartha Sagar,2025-27,PGDM Marketing,core,5,,,MKT,OPR,,"DSCS-A, DSL-1-B, LDM-A, PDRM-B"
250103200,Aditya Kumar Jaiswal,2025-27,PGDM Marketing,core,5,,,MKT,SIE,,"CWB-C, EF-A, HRST-A, LEX-A, PDRM-B"
25FPM003,Vikram Kanwar,2025-27,FPM,core,5,,,,,,"BAM-B, DSL-1-A"
25FPM004,Yogesh Chauhan,2025-27,FPM,core,5,,,,,,"CWB-A, DSL-1-A"
TEST,Test Student,2025-27,PGDM Marketing,core,,,,MKT,BA,,"BF-A, CWB-C, DSCS-A, FTBA-A, PAF-A"
TESTA,Test Alumni,2025-27,PGDM,core,,,,FIN,BA,,
250201001,Aaraav Dua,2025-27,PGDM DCP,dcp,5,,,,,,"CMN-A, IM-B, IP-A, ITL-A, SSP-A"
250201003,Aaryaveer Chib,2025-27,PGDM DCP,dcp,5,,,,,,"AIB-A, IBPP-A, IM-B, IP-C, SM-A"
250201004,Aashish Baid,2025-27,PGDM DCP,dcp,5,,,,,,"CR-A, IM-A, IP-B, MF-A, VB-A"
250201005,Aashish Sharma,2025-27,PGDM DCP,dcp,5,,,,,,
250201006,Abhay Gupta,2025-27,PGDM DCP,dcp,5,,,,,,"IBPP-A, IM-B, IP-A, ITL-A, SM-B"
250201007,Abhisek Kumar Prasad,2025-27,PGDM DCP,dcp,5,,,,,,
250201009,Abhishek Sharma,2025-27,PGDM DCP,dcp,5,,,,,,
250201010,Abhishek Singh,2025-27,PGDM DCP,dcp,5,,,,,,"AIB-A, IBPP-A, IM-B, IP-A, SM-A"
250201011,Aditya Chaturvedi,2025-27,PGDM DCP,dcp,5,,,,,,"AIB-A, CR-A, IP-B, MF-A, VB-A"
250201012,Aditya Jain,2025-27,PGDM DCP,dcp,5,,,,,,
250201013,Aditya Kailash Maheshwari,2025-27,PGDM DCP,dcp,5,,,,,,
250201014,Aditya Shah,2025-27,PGDM DCP,dcp,5,,,,,,"IBPP-A, IM-B, IP-A, ITL-A, SM-B"
250201015,Adya Jha,2025-27,PGDM DCP,dcp,5,,,,,,
250201016,Akansha Singh,2025-27,PGDM DCP,dcp,5,,,,,,
250201018,Akki Vinay Ranjan Goud,2025-27,PGDM DCP,dcp,5,,,,,,"IBPP-B, IM-A, IP-C, SM-B, SSP-A"
250201019,Nadarge Akshay Bharat,2025-27,PGDM DCP,dcp,5,,,,,,"CMN-A, IP-B, ITL-A, SSP-A, VB-A"
250201020,Akshay Dasila,2025-27,PGDM DCP,dcp,5,,,,,,
250201021,Akshit Kumar,2025-27,PGDM DCP,dcp,5,,,,,,
250201022,Aman,2025-27,PGDM DCP,dcp,5,,,,,,"AIB-A, IBPP-A, IM-B, IP-C, SM-A"
250201023,Amisha Vinayak Malaviya,2025-27,PGDM DCP,dcp,5,,,,,,"IBPP-B, IM-A, IP-A, ITL-A, SM-B"
250201024,Ananya Saini,2025-27,PGDM DCP,dcp,5,,,,,,"IBPP-B, IM-A, IP-C, SM-B, SSP-A"
250201025,Ananya Sharma,2025-27,PGDM DCP,dcp,5,,,,,,"AIB-A, IBPP-A, IM-B, IP-C, SM-A"
250201026,Gadkari Aniruddha Pushkar,2025-27,PGDM DCP,dcp,5,,,,,,
250201027,Ankit Raj,2025-27,PGDM DCP,dcp,5,,,,,,"AIB-A, IBPP-B, IM-A, IP-C, SM-B"
250201028,Ankush Thakur,2025-27,PGDM DCP,dcp,5,,,,,,"AIB-A, IBPP-B, IM-A, IP-C, SM-B"
250201029,Annpurna Singhal,2025-27,PGDM DCP,dcp,5,,,,,,"IBPP-A, IM-B, IP-B, SM-A, VB-A"
250201030,Anshul Goel,2025-27,PGDM DCP,dcp,5,,,,,,"CR-A, IM-A, IP-B, MF-A, VB-A"
250201031,Anukalp Rajawat,2025-27,PGDM DCP,dcp,5,,,,,,"AIB-A, CR-A, IP-B, MF-A, VB-A"
250201032,Anurag Debnath,2025-27,PGDM DCP,dcp,5,,,,,,"CMN-A, IBPP-B, IM-B, IP-C, SM-A"
250201033,Anurag Gulati,2025-27,PGDM DCP,dcp,5,,,,,,
250201035,Archit Jain,2025-27,PGDM DCP,dcp,5,,,,,,"AIB-A, CR-A, IP-B, MF-A, VB-A"
250201036,Arya Anirudh Singh Chauhan,2025-27,PGDM DCP,dcp,5,,,,,,"IBPP-B, IM-A, IP-C, SM-B, SSP-A"
250201037,Aryaman Awadhesh Jha,2025-27,PGDM DCP,dcp,5,,,,,,"IBPP-B, IM-A, IP-C, MF-A, SM-B"
250201038,Aryan Kundu,2025-27,PGDM DCP,dcp,5,,,,,,
250201039,Aryan Vashist,2025-27,PGDM DCP,dcp,5,,,,,,"CR-A, IM-A, IP-B, MF-A, VB-A"
250201040,Ashish Bisht,2025-27,PGDM DCP,dcp,5,,,,,,"AIB-A, IBPP-B, IM-A, IP-C, SM-B"
250201041,Ashutosh Gupta,2025-27,PGDM DCP,dcp,5,,,,,,"CR-A, IBPP-A, IP-B, MF-A, VB-A"
250201042,Ashwin Kothari,2025-27,PGDM DCP,dcp,5,,,,,,"CR-A, IBPP-A, IP-B, MF-A, VB-A"
250201043,Astitvaa Kashyap,2025-27,PGDM DCP,dcp,5,,,,,,"AIB-A, CR-A, IP-B, MF-A, VB-A"
250201044,Atinek Dubey,2025-27,PGDM DCP,dcp,5,,,,,,"AIB-A, IBPP-B, IM-A, IP-C, SM-B"
250201045,Avi Goyal,2025-27,PGDM DCP,dcp,5,,,,,,"IBPP-B, IM-A, IP-A, ITL-A, SM-B"
250201046,Avinash Singh,2025-27,PGDM DCP,dcp,5,,,,,,"IBPP-A, IM-B, IP-B, SM-A, VB-A"
250201047,Ayush,2025-27,PGDM DCP,dcp,5,,,,,,"AIB-A, IBPP-A, IM-B, IP-C, SM-A"
250201048,Ayush Kumar,2025-27,PGDM DCP,dcp,5,,,,,,
250201049,Ayush Saraswat,2025-27,PGDM DCP,dcp,5,,,,,,"CR-A, IBPP-A, IP-B, MF-A, VB-A"
250201050,Ayush Sharma,2025-27,PGDM DCP,dcp,5,,,,,,
250201051,Bharat Gupta,2025-27,PGDM DCP,dcp,5,,,,,,"AIB-A, CR-A, IP-B, MF-A, VB-A"
250201052,Bhavini Sethia,2025-27,PGDM DCP,dcp,5,,,,,,"AIB-A, IBPP-B, IM-A, IP-C, SM-B"
250201053,Bhavya Kadyan,2025-27,PGDM DCP,dcp,5,,,,,,"AIB-A, IBPP-B, IM-A, IP-C, SM-B"
250201054,Charit Agrawal,2025-27,PGDM DCP,dcp,5,,,,,,
250201055,Bhanushali Deep Navin,2025-27,PGDM DCP,dcp,5,,,,,,"AIB-A, CR-A, IP-B, MF-A, VB-A"
250201056,Deepansh Goyal,2025-27,PGDM DCP,dcp,5,,,,,,
250201057,Devansh Punj,2025-27,PGDM DCP,dcp,5,,,,,,
250201058,Dhananjay Bhardwaj,2025-27,PGDM DCP,dcp,5,,,,,,"IBPP-B, IM-A, IP-C, MF-A, SM-B"
250201059,Dharmesh R,2025-27,PGDM DCP,dcp,5,,,,,,"IBPP-A, IM-B, IP-B, SM-A, VB-A"
250201060,Dhruv Awasthi,2025-27,PGDM DCP,dcp,5,,,,,,"AIB-A, IBPP-A, IM-B, IP-C, SM-A"
250201061,Dhruv Gupta,2025-27,PGDM DCP,dcp,5,,,,,,"AIB-A, CR-A, IP-B, MF-A, VB-A"
250201062,Dhruv Sirohi,2025-27,PGDM DCP,dcp,5,,,,,,
250201063,Dinesh Rambhatla,2025-27,PGDM DCP,dcp,5,,,,,,"IBPP-B, IM-A, IP-C, SM-B, SSP-A"
250201064,Divesh Anand,2025-27,PGDM DCP,dcp,5,,,,,,
250201065,Divyansh Jain,2025-27,PGDM DCP,dcp,5,,,,,,"AIB-A, IBPP-B, IM-A, IP-C, SM-B"
250201066,Divyansh Maheshwari,2025-27,PGDM DCP,dcp,5,,,,,,"IBPP-B, IM-A, IP-C, SM-B, SSP-A"
250201067,Divyanshu Lahiri,2025-27,PGDM DCP,dcp,5,,,,,,"CR-A, IBPP-A, IP-B, MF-A, VB-A"
250201068,Drishti Shah,2025-27,PGDM DCP,dcp,5,,,,,,
250201069,Gaurav Sharma,2025-27,PGDM DCP,dcp,5,,,,,,
250201070,Gauri Agarwal,2025-27,PGDM DCP,dcp,5,,,,,,
250201071,Gautam Khandelwal,2025-27,PGDM DCP,dcp,5,,,,,,
250201072,Geetansh Mata,2025-27,PGDM DCP,dcp,5,,,,,,
250201073,Ghanistha Sindal,2025-27,PGDM DCP,dcp,5,,,,,,"AIB-A, IBPP-A, IM-B, IP-C, SM-A"
250201074,Gorang Vishnoi,2025-27,PGDM DCP,dcp,5,,,,,,
250201075,Gunika Verma,2025-27,PGDM DCP,dcp,5,,,,,,"AIB-A, IBPP-B, IM-A, IP-C, SM-B"
250201076,Gurpreet Singh,2025-27,PGDM DCP,dcp,5,,,,,,"CR-A, IBPP-A, IP-B, MF-A, VB-A"
250201077,Chhabda Harmeetsingh Ranjeetsingh,2025-27,PGDM DCP,dcp,5,,,,,,"AIB-A, CR-A, IP-B, MF-A, VB-A"
250201078,Harsh Chauhan,2025-27,PGDM DCP,dcp,5,,,,,,"AIB-A, CR-A, IP-B, MF-A, VB-A"
250201079,Harsh Gautam,2025-27,PGDM DCP,dcp,5,,,,,,"CR-A, IP-C, MF-A, SSP-A, VB-A"
250201080,Vachhani Harsh Vijaybhai,2025-27,PGDM DCP,dcp,5,,,,,,"IBPP-B, IM-A, IP-C, SM-B, SSP-A"
250201081,Harshit Jain,2025-27,PGDM DCP,dcp,5,,,,,,"IBPP-B, IM-A, IP-C, SM-B, SSP-A"
250201082,Harshit Jain,2025-27,PGDM DCP,dcp,5,,,,,,
250201083,Harshit Kumar,2025-27,PGDM DCP,dcp,5,,,,,,"AIB-A, IBPP-B, IM-A, IP-C, SM-B"
250201084,Hitten,2025-27,PGDM DCP,dcp,5,,,,,,
250201085,Ipsita Rodali Neog,2025-27,PGDM DCP,dcp,5,,,,,,"AIB-A, IBPP-A, IM-B, IP-A, SM-A"
250201086,Isha Gupta,2025-27,PGDM DCP,dcp,5,,,,,,
250201087,Naik Ishaan Vikram,2025-27,PGDM DCP,dcp,5,,,,,,"CR-A, IBPP-A, IP-B, MF-A, VB-A"
250201088,Ishan Kumar Agrawal,2025-27,PGDM DCP,dcp,5,,,,,,"AIB-A, IBPP-A, IM-B, IP-A, SM-A"
250201089,Ishika Goel,2025-27,PGDM DCP,dcp,5,,,,,,
250201090,Ishita Anand,2025-27,PGDM DCP,dcp,5,,,,,,
250201091,Jaivardhan Singh,2025-27,PGDM DCP,dcp,5,,,,,,"AIB-A, IBPP-A, IM-B, IP-A, SM-A"
250201092,Jayant Aggarwal,2025-27,PGDM DCP,dcp,5,,,,,,"AIB-A, IBPP-A, IM-B, IP-A, SM-A"
250201093,Jesu Aswin Jeba E,2025-27,PGDM DCP,dcp,5,,,,,,
250201094,Jhanak Mittal,2025-27,PGDM DCP,dcp,5,,,,,,"IBPP-B, IM-A, IP-C, SM-B, SSP-A"
250201095,Kanishk Jain,2025-27,PGDM DCP,dcp,5,,,,,,"AIB-A, IBPP-A, IM-B, IP-A, SM-A"
250201096,Biswas Kanishka,2025-27,PGDM DCP,dcp,5,,,,,,
250201097,Karan Kadyan,2025-27,PGDM DCP,dcp,5,,,,,,"AIB-A, IBPP-A, IM-B, IP-A, SM-A"
250201098,Karan Maheshwari,2025-27,PGDM DCP,dcp,5,,,,,,"AIB-A, CR-A, IP-B, MF-A, VB-A"
250201099,Karan Malhotra,2025-27,PGDM DCP,dcp,5,,,,,,"AIB-A, IBPP-A, IM-B, IP-A, SM-A"
250201100,Keshav Ahuja,2025-27,PGDM DCP,dcp,5,,,,,,"CR-A, IM-A, IP-B, MF-A, VB-A"
250201101,Gooty Muhammad Khadeer,2025-27,PGDM DCP,dcp,5,,,,,,
250201102,Komal Deoli,2025-27,PGDM DCP,dcp,5,,,,,,"AIB-A, IBPP-A, IM-B, IP-A, SM-A"
250201103,Komal Kumari,2025-27,PGDM DCP,dcp,5,,,,,,
250201104,Krishang Subhash Rao,2025-27,PGDM DCP,dcp,5,,,,,,"CMN-A, IBPP-B, IM-B, IP-A, SM-A"
250201105,Krishna Gupta,2025-27,PGDM DCP,dcp,5,,,,,,"CR-A, IM-A, IP-B, MF-A, VB-A"
250201106,Kshitiz Kapoor,2025-27,PGDM DCP,dcp,5,,,,,,"AIB-A, IBPP-A, IM-B, IP-A, SM-A"
250201107,Kshitiz Tailong,2025-27,PGDM DCP,dcp,5,,,,,,"AIB-A, IBPP-A, IM-B, IP-C, SM-A"
250201108,Kunal Ganeriwal,2025-27,PGDM DCP,dcp,5,,,,,,"CR-A, IP-B, MF-A, SM-B, VB-A"
250201109,Lakshay Bhola,2025-27,PGDM DCP,dcp,5,,,,,,"CMN-A, IBPP-B, IM-B, IP-C, SM-A"
250201110,Madhav Manuja,2025-27,PGDM DCP,dcp,5,,,,,,"AIB-A, IBPP-A, IM-B, IP-C, SM-A"
250201111,Madhav Wadhwa,2025-27,PGDM DCP,dcp,5,,,,,,"IBPP-B, IM-A, IP-C, MF-A, SM-B"
250201112,Madhur Rawal,2025-27,PGDM DCP,dcp,5,,,,,,"IBPP-B, IM-A, IP-C, SM-B, SSP-A"
250201113,Maharshi Darshak Shah,2025-27,PGDM DCP,dcp,5,,,,,,"IBPP-A, IM-B, IP-B, SM-A, VB-A"
250201114,Manas Goel,2025-27,PGDM DCP,dcp,5,,,,,,"IBPP-B, IM-A, IP-C, MF-A, SM-B"
250201115,Manmeet Singh Batira,2025-27,PGDM DCP,dcp,5,,,,,,"AIB-A, IBPP-A, IM-B, IP-C, SM-A"
250201116,Mansi Nigam,2025-27,PGDM DCP,dcp,5,,,,,,"AIB-A, IBPP-A, IM-B, IP-C, SM-A"
250201117,Mayank,2025-27,PGDM DCP,dcp,5,,,,,,"AIB-A, IBPP-A, IM-B, IP-C, SM-A"
250201118,Mayank Choudhary,2025-27,PGDM DCP,dcp,5,,,,,,"AIB-A, IBPP-A, IM-B, IP-C, SM-A"
250201120,Medhavi Dubey,2025-27,PGDM DCP,dcp,5,,,,,,"CMN-A, IP-A, ITL-A, SM-B, SSP-A"
250201121,Mihir Bose,2025-27,PGDM DCP,dcp,5,,,,,,
250201122,Mithil Garg,2025-27,PGDM DCP,dcp,5,,,,,,"CMN-A, IBPP-B, IM-B, IP-A, SM-A"
250201123,Moksh Datta,2025-27,PGDM DCP,dcp,5,,,,,,"AIB-A, IBPP-A, IM-B, IP-C, SM-A"
250201124,Mulukutla Mukund Kashyap,2025-27,PGDM DCP,dcp,5,,,,,,"AIB-A, IBPP-B, IM-A, IP-C, SM-B"
250201125,Muskan Thawani,2025-27,PGDM DCP,dcp,5,,,,,,
250201126,Nafeel Ayaan,2025-27,PGDM DCP,dcp,5,,,,,,
250201127,Naina Sarma,2025-27,PGDM DCP,dcp,5,,,,,,
250201128,Navin Sharda,2025-27,PGDM DCP,dcp,5,,,,,,"CR-A, IM-A, IP-B, MF-A, VB-A"
250201129,Nawazish Hassan,2025-27,PGDM DCP,dcp,5,,,,,,"AIB-A, IBPP-B, IM-A, IP-C, SM-B"
250201130,Nayanpath Jhunjhunwalla,2025-27,PGDM DCP,dcp,5,,,,,,
250201131,Nipun Mehrotra,2025-27,PGDM DCP,dcp,5,,,,,,"CR-A, IBPP-A, IP-B, MF-A, VB-A"
250201132,Nishant,2025-27,PGDM DCP,dcp,5,,,,,,"CR-A, IM-A, IP-B, MF-A, VB-A"
250201133,Niyati Abani,2025-27,PGDM DCP,dcp,5,,,,,,
250201134,Nomick Tantia,2025-27,PGDM DCP,dcp,5,,,,,,
250201135,Pallav Sinha,2025-27,PGDM DCP,dcp,5,,,,,,
250201136,Kota Parasharan Varma,2025-27,PGDM DCP,dcp,5,,,,,,"AIB-A, IBPP-B, IM-A, IP-A, SM-B"
250201137,Parth Dubey,2025-27,PGDM DCP,dcp,5,,,,,,"AIB-A, IBPP-B, IM-A, IP-A, SM-B"
250201138,Parth Narwani,2025-27,PGDM DCP,dcp,5,,,,,,"IBPP-B, IM-A, IP-C, SM-B, SSP-A"
250201139,Parvinder Singh,2025-27,PGDM DCP,dcp,5,,,,,,
250201140,Patel Jaykumar Sanjaykumar,2025-27,PGDM DCP,dcp,5,,,,,,"AIB-A, IBPP-B, IM-A, IP-A, SM-B"
250201141,Peddireddy Sai Adinarayana,2025-27,PGDM DCP,dcp,5,,,,,,"IBPP-B, IM-A, IP-C, SM-B, SSP-A"
250201142,Prakhar Verma,2025-27,PGDM DCP,dcp,5,,,,,,
250201143,Pranav Garg,2025-27,PGDM DCP,dcp,5,,,,,,
250201144,Prateek,2025-27,PGDM DCP,dcp,5,,,,,,"AIB-A, IBPP-B, IM-A, IP-A, SM-B"
250201145,Pratham Bagaria,2025-27,PGDM DCP,dcp,5,,,,,,
250201146,Prathamay Kuyre,2025-27,PGDM DCP,dcp,5,,,,,,"IBPP-B, IM-A, IP-C, SM-B, SSP-A"
250201147,Jain Prathamesh Manoj,2025-27,PGDM DCP,dcp,5,,,,,,"CR-A, IP-C, MF-A, SSP-A, VB-A"
250201148,Pratyosh Paban Gogoi,2025-27,PGDM DCP,dcp,5,,,,,,"IBPP-A, IM-B, IP-A, SM-A, SSP-A"
250201149,Pratyush Dubey,2025-27,PGDM DCP,dcp,5,,,,,,"AIB-A, IBPP-B, IM-A, IP-A, SM-B"
250201151,Shah Preet Divyeshkumar,2025-27,PGDM DCP,dcp,5,,,,,,"IBPP-A, IM-B, IP-A, MF-A, SM-A"
250201152,Prithvijit Dutta,2025-27,PGDM DCP,dcp,5,,,,,,"IBPP-A, IM-B, IP-A, SM-A, SSP-A"
250201153,Priyanshu Goenka,2025-27,PGDM DCP,dcp,5,,,,,,"CR-A, IM-A, IP-B, MF-A, VB-A"
250201155,Rahul J S,2025-27,PGDM DCP,dcp,5,,,,,,"IBPP-A, IM-B, IP-A, SM-A, SSP-A"
250201156,Raj Doshi,2025-27,PGDM DCP,dcp,5,,,,,,"AIB-A, CR-A, IP-B, MF-A, VB-A"
250201157,Reon Goswami,2025-27,PGDM DCP,dcp,5,,,,,,"CMN-A, IBPP-B, IM-B, IP-C, SM-A"
250201158,Riddhiman Das,2025-27,PGDM DCP,dcp,5,,,,,,"AIB-A, IBPP-B, IM-A, IP-C, SM-B"
250201159,Rishi Kaushik,2025-27,PGDM DCP,dcp,5,,,,,,"AIB-A, IBPP-B, IM-A, IP-C, SM-B"
250201160,Riya Mukherjee,2025-27,PGDM DCP,dcp,5,,,,,,
250201161,Rohan Choudhary,2025-27,PGDM DCP,dcp,5,,,,,,"IBPP-A, IM-B, IP-A, SM-A, SSP-A"
250201162,Rohan Shetty S,2025-27,PGDM DCP,dcp,5,,,,,,
250201163,Rohit Jain,2025-27,PGDM DCP,dcp,5,,,,,,"CR-A, IM-A, IP-B, MF-A, VB-A"
250201164,Sahil Sheoran,2025-27,PGDM DCP,dcp,5,,,,,,
250201165,Rajpalani Sahil Sunil,2025-27,PGDM DCP,dcp,5,,,,,,"CR-A, IP-B, ITL-A, MF-A, VB-A"
250201166,Kanna Saiteja,2025-27,PGDM DCP,dcp,5,,,,,,"AIB-A, IBPP-B, IM-A, IP-A, SM-B"
250201167,Saksham Singh,2025-27,PGDM DCP,dcp,5,,,,,,
250201168,Sakshi,2025-27,PGDM DCP,dcp,5,,,,,,"AIB-A, IBPP-B, IM-A, IP-C, SM-B"
250201169,Sam Thareja,2025-27,PGDM DCP,dcp,5,,,,,,"IBPP-B, IM-A, IP-B, SM-B, VB-A"
250201170,Samarth Gaur,2025-27,PGDM DCP,dcp,5,,,,,,"AIB-A, IBPP-B, IM-A, IP-C, SM-B"
250201171,Jain Samkit Parimal,2025-27,PGDM DCP,dcp,5,,,,,,
250201172,Sanidhya Samyak,2025-27,PGDM DCP,dcp,5,,,,,,
250201173,Sanjai V,2025-27,PGDM DCP,dcp,5,,,,,,"IBPP-A, IM-B, IP-A, SM-A, SSP-A"
250201174,Sanjit Suna Das,2025-27,PGDM DCP,dcp,5,,,,,,
250201175,Sanskar Sharma,2025-27,PGDM DCP,dcp,5,,,,,,"AIB-A, IBPP-B, IM-A, IP-A, SM-B"
250201176,Sanskriti Agrawal,2025-27,PGDM DCP,dcp,5,,,,,,
250201177,Sanyam Goyal,2025-27,PGDM DCP,dcp,5,,,,,,"AIB-A, CR-A, IP-B, MF-A, VB-A"
250201178,Saumil Babuta,2025-27,PGDM DCP,dcp,5,,,,,,"IBPP-A, IM-B, IP-A, SM-A, SSP-A"
250201179,Saurav Mathur,2025-27,PGDM DCP,dcp,5,,,,,,"IBPP-A, IM-B, IP-A, SM-A, SSP-A"
250201180,Savinay Kumar,2025-27,PGDM DCP,dcp,5,,,,,,"CR-A, IM-A, IP-B, MF-A, VB-A"
250201181,Sayan Nandy,2025-27,PGDM DCP,dcp,5,,,,,,
250201182,Sayandeep Sengupta,2025-27,PGDM DCP,dcp,5,,,,,,"CR-A, IBPP-A, IP-B, MF-A, VB-A"
250201183,Shantanu Tiwari,2025-27,PGDM DCP,dcp,5,,,,,,
250201184,Shashank,2025-27,PGDM DCP,dcp,5,,,,,,"CR-A, IM-A, IP-B, MF-A, VB-A"
250201185,Shikhar Jaiswal,2025-27,PGDM DCP,dcp,5,,,,,,
250201186,Shiva Shukla,2025-27,PGDM DCP,dcp,5,,,,,,"IBPP-A, IM-B, IP-A, MF-A, SM-A"
250201187,Shivang Kapoor,2025-27,PGDM DCP,dcp,5,,,,,,"AIB-A, IBPP-B, IM-A, IP-C, SM-B"
250201188,Shivasharan,2025-27,PGDM DCP,dcp,5,,,,,,"IBPP-A, IM-B, IP-A, SM-A, SSP-A"
250201189,Shreeya Maithal,2025-27,PGDM DCP,dcp,5,,,,,,"AIB-A, IBPP-B, IM-A, IP-A, SM-B"
250201190,Shreshtha Goswami,2025-27,PGDM DCP,dcp,5,,,,,,"IBPP-B, IM-A, IP-A, ITL-A, SM-B"
250201191,Shreyansh Swarnakar,2025-27,PGDM DCP,dcp,5,,,,,,"AIB-A, IBPP-B, IM-A, IP-A, SM-B"
250201192,Shruti Singal,2025-27,PGDM DCP,dcp,5,,,,,,
250201193,Shubh Gupta,2025-27,PGDM DCP,dcp,5,,,,,,
250201194,Shubh Jobanputra,2025-27,PGDM DCP,dcp,5,,,,,,"IBPP-A, IM-B, IP-A, MF-A, SM-A"
250201195,Shubh Sarthak Singh,2025-27,PGDM DCP,dcp,5,,,,,,"AIB-A, IBPP-A, IM-B, IP-A, SM-A"
250201196,Siddhant Singh,2025-27,PGDM DCP,dcp,5,,,,,,
250201197,Balan Siddhanth Renish,2025-27,PGDM DCP,dcp,5,,,,,,"IBPP-B, IM-A, IP-B, SM-B, VB-A"
250201198,Siddharth Jain,2025-27,PGDM DCP,dcp,5,,,,,,"AIB-A, CR-A, IP-B, MF-A, VB-A"
250201199,Siddharth Manori,2025-27,PGDM DCP,dcp,5,,,,,,"CR-A, IBPP-A, IP-B, MF-A, VB-A"
250201200,Siddharth Singh,2025-27,PGDM DCP,dcp,5,,,,,,"CMN-A, CR-A, IP-B, MF-A, VB-A"
250201201,Sidharth Muraly Nair,2025-27,PGDM DCP,dcp,5,,,,,,"AIB-A, IBPP-B, IM-A, IP-A, SM-B"
250201202,Sinhaditya Singh Gour,2025-27,PGDM DCP,dcp,5,,,,,,"AIB-A, IBPP-A, IM-B, IP-A, SM-A"
250201203,Smridhi Gupta,2025-27,PGDM DCP,dcp,5,,,,,,
250201204,Soham Deshpande,2025-27,PGDM DCP,dcp,5,,,,,,
250201205,Sourav Roy,2025-27,PGDM DCP,dcp,5,,,,,,
250201206,Stephen Richard,2025-27,PGDM DCP,dcp,5,,,,,,
250201207,Subrat Shekhar Singh,2025-27,PGDM DCP,dcp,5,,,,,,
250201208,Sugandha Jain,2025-27,PGDM DCP,dcp,5,,,,,,"AIB-A, IBPP-B, IM-A, IP-A, SM-B"
250201209,Sukoon Rasool Siddiqui,2025-27,PGDM DCP,dcp,5,,,,,,
250201210,Sunder K H,2025-27,PGDM DCP,dcp,5,,,,,,
250201212,Nookala Surya Saketh,2025-27,PGDM DCP,dcp,5,,,,,,"AIB-A, IBPP-A, IM-B, IP-A, SM-A"
250201213,Tanisha Jat,2025-27,PGDM DCP,dcp,5,,,,,,
250201214,Tanmay Mathur,2025-27,PGDM DCP,dcp,5,,,,,,
250201215,Tanmay Saxena,2025-27,PGDM DCP,dcp,5,,,,,,"IBPP-A, IM-B, IP-A, SM-A, SSP-A"
250201216,Tanusha Tyagi,2025-27,PGDM DCP,dcp,5,,,,,,"AIB-A, IBPP-B, IM-A, IP-C, SM-B"
250201217,Tanya Tomar,2025-27,PGDM DCP,dcp,5,,,,,,"AIB-A, CMN-A, IP-A, ITL-A, SSP-A"
250201218,Tapsi Goyal,2025-27,PGDM DCP,dcp,5,,,,,,"IBPP-B, IM-A, IP-B, SM-B, VB-A"
250201219,Tarun Mantri,2025-27,PGDM DCP,dcp,5,,,,,,
250201220,Thikkakondannagari Pavan Kumar,2025-27,PGDM DCP,dcp,5,,,,,,"IBPP-A, IM-B, IP-A, SM-A, SSP-A"
250201221,Tushita Singh,2025-27,PGDM DCP,dcp,5,,,,,,
250201222,Umang Baid,2025-27,PGDM DCP,dcp,5,,,,,,"IBPP-A, IM-B, IP-A, MF-A, SM-A"
250201223,Ura Dwivedi,2025-27,PGDM DCP,dcp,5,,,,,,"IBPP-B, IM-A, IP-C, SM-B, SSP-A"
250201224,Utkarsh Sharma,2025-27,PGDM DCP,dcp,5,,,,,,"AIB-A, IBPP-B, IM-A, IP-A, SM-B"
250201225,Vaibhav Sharma,2025-27,PGDM DCP,dcp,5,,,,,,"IBPP-A, IM-B, IP-A, SM-A, SSP-A"
250201226,Vanshdeep,2025-27,PGDM DCP,dcp,5,,,,,,"CMN-A, CR-A, IP-B, MF-A, VB-A"
250201227,Varsha R K,2025-27,PGDM DCP,dcp,5,,,,,,"AIB-A, CR-A, IP-B, MF-A, VB-A"
250201228,Vartika Pahuja,2025-27,PGDM DCP,dcp,5,,,,,,
250201229,Vasu Sharma,2025-27,PGDM DCP,dcp,5,,,,,,"IBPP-B, IM-A, IP-B, SM-B, VB-A"
250201230,Valluri Venkata Sai Kiran,2025-27,PGDM DCP,dcp,5,,,,,,
250201231,Videh Jain,2025-27,PGDM DCP,dcp,5,,,,,,"AIB-A, IBPP-B, IM-A, IP-A, SM-B"
250201232,Vijetha Rao A V,2025-27,PGDM DCP,dcp,5,,,,,,
250201233,Viyom Govil,2025-27,PGDM DCP,dcp,5,,,,,,"CMN-A, IP-B, ITL-A, SSP-A, VB-A"
250201234,Yash Phore,2025-27,PGDM DCP,dcp,5,,,,,,"IBPP-A, IM-B, IP-A, MF-A, SM-A"
250201235,Yash Vardhan Jhunjhunwala,2025-27,PGDM DCP,dcp,5,,,,,,"AIB-A, IBPP-B, IM-A, IP-A, SM-B"
250201236,Zakia Sultana,2025-27,PGDM DCP,dcp,5,,,,,,"AIB-A, IBPP-B, IM-A, IP-C, SM-B"
250201237,Gopinath Padhy,2025-27,PGDM DCP,dcp,5,,,,,,
250201238,Tushar Singh Negi,2025-27,PGDM DCP,dcp,5,,,,,,"IBPP-B, IM-A, IP-B, SM-B, VB-A"
250201239,Kalyan Kumar Sriramoju,2025-27,PGDM DCP,dcp,5,,,,,,"CR-A, IBPP-A, IP-B, MF-A, VB-A"
250201240,Khalif Shalin Maqshood,2025-27,PGDM DCP,dcp,5,,,,,,
250201241,Ashesh Thakur,2025-27,PGDM DCP,dcp,5,,,,,,
250201242,Divyansh Agarwal,2025-27,PGDM DCP,dcp,5,,,,,,
250201243,Neha Biswas,2025-27,PGDM DCP,dcp,5,,,,,,
250201244,Vaidika Chatterjee,2025-27,PGDM DCP,dcp,5,,,,,,"IBPP-B, IM-A, IP-B, SM-B, VB-A"
250201246,Anuja Shukla,2025-27,PGDM DCP,dcp,5,,,,,,"CR-A, IM-A, IP-B, MF-A, VB-A"
250201247,Lakshya Agarwal,2025-27,PGDM DCP,dcp,5,,,,,,"AIB-A, IBPP-B, IM-A, IP-C, SM-B"
250201248,Chandak Gaurang Ajay,2025-27,PGDM DCP,dcp,5,,,,,,"AIB-A, CR-A, IP-B, MF-A, VB-A"
260601001,Aahansh Sachin Bole,2026-28,PGDM BFS,bfs,2,A,,,,,
260601003,Aastha Agarwal,2026-28,PGDM BFS,bfs,2,A,,,,,
260601004,Aayush Sood,2026-28,PGDM BFS,bfs,2,A,,,,,
260601006,Abhi Mathur,2026-28,PGDM BFS,bfs,2,A,,,,,
260601008,Abhinav Singh,2026-28,PGDM BFS,bfs,2,A,,,,,
260601010,Aditya Jindal,2026-28,PGDM BFS,bfs,2,A,,,,,
260601012,Advait Singh,2026-28,PGDM BFS,bfs,2,A,,,,,
260601015,Akriti Agarwal,2026-28,PGDM BFS,bfs,2,A,,,,,
260601017,Akshat Gautam,2026-28,PGDM BFS,bfs,2,A,,,,,
260601019,Akshat Nitin Shah,2026-28,PGDM BFS,bfs,2,A,,,,,
260601021,Aman Dadhich,2026-28,PGDM BFS,bfs,2,A,,,,,
260601024,Anant Garg,2026-28,PGDM BFS,bfs,2,A,,,,,
260601026,Ananya Goel,2026-28,PGDM BFS,bfs,2,A,,,,,
260601027,Andleeb Atal,2026-28,PGDM BFS,bfs,2,A,,,,,
260601029,Anindya Zarbade,2026-28,PGDM BFS,bfs,2,A,,,,,
260601031,Anuj Singh Jaswal,2026-28,PGDM BFS,bfs,2,A,,,,,
260601034,Aruj Khandelwal,2026-28,PGDM BFS,bfs,2,A,,,,,
260601036,Aryan Bansal,2026-28,PGDM BFS,bfs,2,A,,,,,
260601038,Aryan Kohli,2026-28,PGDM BFS,bfs,2,A,,,,,
260601039,Ashley Manoj,2026-28,PGDM BFS,bfs,2,A,,,,,
260601042,Bhavya Gupta,2026-28,PGDM BFS,bfs,2,A,,,,,
260601043,Danish Grover,2026-28,PGDM BFS,bfs,2,A,,,,,
260601046,Disha Modi,2026-28,PGDM BFS,bfs,2,A,,,,,
260601048,Fiza Siddiqui,2026-28,PGDM BFS,bfs,2,A,,,,,
260601049,Ganesh Sunil Kabra,2026-28,PGDM BFS,bfs,2,A,,,,,
260601052,Gowtham Sankar N M,2026-28,PGDM BFS,bfs,2,A,,,,,
260601054,Harleen Kaur,2026-28,PGDM BFS,bfs,2,A,,,,,
260601055,Harshit Mittal,2026-28,PGDM BFS,bfs,2,A,,,,,
260601057,Isha Jain,2026-28,PGDM BFS,bfs,2,A,,,,,
260601059,Ishika Jain,2026-28,PGDM BFS,bfs,2,A,,,,,
260601062,Jasmine Grewal,2026-28,PGDM BFS,bfs,2,A,,,,,
260601063,Jayesh Rajendra Bhoir,2026-28,PGDM BFS,bfs,2,A,,,,,
260601065,Kartik Oruganti,2026-28,PGDM BFS,bfs,2,A,,,,,
260601067,Keytan Sethi,2026-28,PGDM BFS,bfs,2,A,,,,,
260601068,Khushi Kohli,2026-28,PGDM BFS,bfs,2,A,,,,,
260601071,Krishna Phialok,2026-28,PGDM BFS,bfs,2,A,,,,,
260601072,Lakshita,2026-28,PGDM BFS,bfs,2,A,,,,,
260601075,Mahima Sahu,2026-28,PGDM BFS,bfs,2,A,,,,,
260601076,Manas Mishra,2026-28,PGDM BFS,bfs,2,A,,,,,
260601078,Mani Bhaskar Edula,2026-28,PGDM BFS,bfs,2,A,,,,,
260601080,Meghna Pentrala,2026-28,PGDM BFS,bfs,2,A,,,,,
260601082,Mitali Khare,2026-28,PGDM BFS,bfs,2,A,,,,,
260601085,Nadish Baghla,2026-28,PGDM BFS,bfs,2,A,,,,,
260601087,Nikhil Bhaskar,2026-28,PGDM BFS,bfs,2,A,,,,,
260601088,Palak Bansal,2026-28,PGDM BFS,bfs,2,A,,,,,
260601091,Pranav Shukla,2026-28,PGDM BFS,bfs,2,A,,,,,
260601093,Prarabdha Halder,2026-28,PGDM BFS,bfs,2,A,,,,,
260601095,Preeti Agarwal,2026-28,PGDM BFS,bfs,2,A,,,,,
260601096,Prianshi Bhambri,2026-28,PGDM BFS,bfs,2,A,,,,,
260601097,Priyansh Garg,2026-28,PGDM BFS,bfs,2,A,,,,,
260601100,Rahul Gupta,2026-28,PGDM BFS,bfs,2,A,,,,,
260601103,Rohitaaswa Chinnareddivari,2026-28,PGDM BFS,bfs,2,A,,,,,
260601104,Rushika Kishore Chhabria,2026-28,PGDM BFS,bfs,2,A,,,,,
260601107,Sanika Santosh Salvi,2026-28,PGDM BFS,bfs,2,A,,,,,
260601108,Sanket Jain,2026-28,PGDM BFS,bfs,2,A,,,,,
260601111,Shraddha Bhambri,2026-28,PGDM BFS,bfs,2,A,,,,,
260601112,Shraddha Sanjeev Upadhyay,2026-28,PGDM BFS,bfs,2,A,,,,,
260601114,Shreya,2026-28,PGDM BFS,bfs,2,A,,,,,
260601116,Shreya Adlakha,2026-28,PGDM BFS,bfs,2,A,,,,,
260601118,Shruti Garg,2026-28,PGDM BFS,bfs,2,A,,,,,
260601119,Shubham Agarwal,2026-28,PGDM BFS,bfs,2,A,,,,,
260601124,Srishti Jain,2026-28,PGDM BFS,bfs,2,A,,,,,
260601126,Subham Rath,2026-28,PGDM BFS,bfs,2,A,,,,,
260601128,Swapnil Tolani,2026-28,PGDM BFS,bfs,2,A,,,,,
260601130,Tanisha Deepak Kumar,2026-28,PGDM BFS,bfs,2,A,,,,,
260601131,Thomas Jacob,2026-28,PGDM BFS,bfs,2,A,,,,,
260601133,Ujjwal Kumar,2026-28,PGDM BFS,bfs,2,A,,,,,
260601136,Utkarsh Dasila,2026-28,PGDM BFS,bfs,2,A,,,,,
260601138,Vigyat Bansal,2026-28,PGDM BFS,bfs,2,A,,,,,
260601141,Viroshon Kingsly A,2026-28,PGDM BFS,bfs,2,A,,,,,
260601143,Yash Bhutoria,2026-28,PGDM BFS,bfs,2,A,,,,,
260601146,Abdul Wahab Khan,2026-28,PGDM BFS,bfs,2,A,,,,,
260601148,Amith Datta D,2026-28,PGDM BFS,bfs,2,A,,,,,
260601002,Aarav Vashisht,2026-28,PGDM BFS,bfs,2,B,,,,,
260601005,Aayush Rajiv Surani,2026-28,PGDM BFS,bfs,2,B,,,,,
260601007,Abhigyan Sahay,2026-28,PGDM BFS,bfs,2,B,,,,,
260601009,Abhinav Sankar Vinod,2026-28,PGDM BFS,bfs,2,B,,,,,
260601011,Aditya Kumar Gupta,2026-28,PGDM BFS,bfs,2,B,,,,,
260601013,Adya Gupta,2026-28,PGDM BFS,bfs,2,B,,,,,
260601014,Aikansh Goyal,2026-28,PGDM BFS,bfs,2,B,,,,,
260601016,Akshadha Mundra,2026-28,PGDM BFS,bfs,2,B,,,,,
260601018,Akshat Abhijit Mandavgane,2026-28,PGDM BFS,bfs,2,B,,,,,
260601020,Aman Lakhotia,2026-28,PGDM BFS,bfs,2,B,,,,,
260601022,Ambarish Nitin Gahlod,2026-28,PGDM BFS,bfs,2,B,,,,,
260601025,Anany Joshi,2026-28,PGDM BFS,bfs,2,B,,,,,
260601028,Aniket Kumar,2026-28,PGDM BFS,bfs,2,B,,,,,
260601030,Anuj Gupta,2026-28,PGDM BFS,bfs,2,B,,,,,
260601032,Archi Vijay,2026-28,PGDM BFS,bfs,2,B,,,,,
260601033,Arnav Aggarwal,2026-28,PGDM BFS,bfs,2,B,,,,,
260601035,Arun Singh Rajpurohit,2026-28,PGDM BFS,bfs,2,B,,,,,
260601037,Aryan Khanna,2026-28,PGDM BFS,bfs,2,B,,,,,
260601040,Ati Srivastava,2026-28,PGDM BFS,bfs,2,B,,,,,
260601041,Bhavya Batra,2026-28,PGDM BFS,bfs,2,B,,,,,
260601044,David Chaudhary,2026-28,PGDM BFS,bfs,2,B,,,,,
260601045,Disha,2026-28,PGDM BFS,bfs,2,B,,,,,
260601047,Disha Sharma,2026-28,PGDM BFS,bfs,2,B,,,,,
260601050,Gargi Ghosh,2026-28,PGDM BFS,bfs,2,B,,,,,
260601051,Gautam Mittal,2026-28,PGDM BFS,bfs,2,B,,,,,
260601053,Hardik Gupta,2026-28,PGDM BFS,bfs,2,B,,,,,
260601056,Hetal Gagneja,2026-28,PGDM BFS,bfs,2,B,,,,,
260601058,Isha Tomer,2026-28,PGDM BFS,bfs,2,B,,,,,
260601060,Jaanvi Sharma,2026-28,PGDM BFS,bfs,2,B,,,,,
260601061,Jai Avasthi,2026-28,PGDM BFS,bfs,2,B,,,,,
260601064,Kartavya Singh,2026-28,PGDM BFS,bfs,2,B,,,,,
260601066,Kashyap Reddy Vadde,2026-28,PGDM BFS,bfs,2,B,,,,,
260601069,Khushi Pawan Kanodia,2026-28,PGDM BFS,bfs,2,B,,,,,
260601070,Krinjal Chatterjee,2026-28,PGDM BFS,bfs,2,B,,,,,
260601073,Lakshya Teotia,2026-28,PGDM BFS,bfs,2,B,,,,,
260601074,Lavanya Goel,2026-28,PGDM BFS,bfs,2,B,,,,,
260601077,Manavjot Singh,2026-28,PGDM BFS,bfs,2,B,,,,,
260601079,Manya Rajvanshi,2026-28,PGDM BFS,bfs,2,B,,,,,
260601081,Minati Garg,2026-28,PGDM BFS,bfs,2,B,,,,,
260601083,Mridhula C,2026-28,PGDM BFS,bfs,2,B,,,,,
260601084,Mrutyunjay Swain,2026-28,PGDM BFS,bfs,2,B,,,,,
260601086,Namish Sharma,2026-28,PGDM BFS,bfs,2,B,,,,,
260601089,Palak Sharma,2026-28,PGDM BFS,bfs,2,B,,,,,
260601090,Pranav Bansal,2026-28,PGDM BFS,bfs,2,B,,,,,
260601092,Pranjal Goyal,2026-28,PGDM BFS,bfs,2,B,,,,,
260601094,Pratham Sandeep Prabhani,2026-28,PGDM BFS,bfs,2,B,,,,,
260601098,Priyanshu Kumar,2026-28,PGDM BFS,bfs,2,B,,,,,
260601099,Raashi S,2026-28,PGDM BFS,bfs,2,B,,,,,
260601101,Randeep Singh,2026-28,PGDM BFS,bfs,2,B,,,,,
260601102,Reet Kashera,2026-28,PGDM BFS,bfs,2,B,,,,,
260601105,Saksham Gupta,2026-28,PGDM BFS,bfs,2,B,,,,,
260601106,Samridhi Mudgal,2026-28,PGDM BFS,bfs,2,B,,,,,
260601109,Sarah Khan,2026-28,PGDM BFS,bfs,2,B,,,,,
260601110,Shashank Amit Wadhwani,2026-28,PGDM BFS,bfs,2,B,,,,,
260601113,Shravi Sharma,2026-28,PGDM BFS,bfs,2,B,,,,,
260601115,Shreya Arora,2026-28,PGDM BFS,bfs,2,B,,,,,
260601117,Shreya Tyagi,2026-28,PGDM BFS,bfs,2,B,,,,,
260601120,Simran Tharwani,2026-28,PGDM BFS,bfs,2,B,,,,,
260601121,Sparsh Agrawal,2026-28,PGDM BFS,bfs,2,B,,,,,
260601122,Srishti Goel,2026-28,PGDM BFS,bfs,2,B,,,,,
260601123,Srishti Gupta,2026-28,PGDM BFS,bfs,2,B,,,,,
260601125,Stuti Singhal,2026-28,PGDM BFS,bfs,2,B,,,,,
260601127,Sunchit Wadhwa,2026-28,PGDM BFS,bfs,2,B,,,,,
260601129,Tanay Aggarwal,2026-28,PGDM BFS,bfs,2,B,,,,,
260601132,Tushar Sachdeva,2026-28,PGDM BFS,bfs,2,B,,,,,
260601134,Urja Sandeep Pandya,2026-28,PGDM BFS,bfs,2,B,,,,,
260601135,Utkarsh Arora,2026-28,PGDM BFS,bfs,2,B,,,,,
260601137,Vaibhav Budholiya,2026-28,PGDM BFS,bfs,2,B,,,,,
260601140,Vinay Agrawal,2026-28,PGDM BFS,bfs,2,B,,,,,
260601142,Yash Arora,2026-28,PGDM BFS,bfs,2,B,,,,,
260601144,Yatharth Goel,2026-28,PGDM BFS,bfs,2,B,,,,,
260601145,Yukta Chandna,2026-28,PGDM BFS,bfs,2,B,,,,,
260601147,Taranjot Singh Chadha,2026-28,PGDM BFS,bfs,2,B,,,,,
260101004,Aditya Jain,2026-28,PGDM,core,2,A,,,,,
260101013,Ananya Sreen,2026-28,PGDM,core,2,A,,,,,
260101018,Arnik Mittal,2026-28,PGDM,core,2,A,,,,,
260101019,Aryan Gupta,2026-28,PGDM,core,2,A,,,,,
260101020,Aryan Gupta,2026-28,PGDM,core,2,A,,,,,
260101021,Aryansh Mehrotra,2026-28,PGDM,core,2,A,,,,,
260101027,Chaitnya Chopra,2026-28,PGDM,core,2,A,,,,,
260101031,Dhruv,2026-28,PGDM,core,2,A,,,,,
260101033,Gautam Sharma,2026-28,PGDM,core,2,A,,,,,
260101036,Himanshu Negi,2026-28,PGDM,core,2,A,,,,,
260101038,Jashit Kale,2026-28,PGDM,core,2,A,,,,,
260101053,Koushik Mukhopadhyay,2026-28,PGDM,core,2,A,,,,,
260101060,Manya Gulati,2026-28,PGDM,core,2,A,,,,,
260101062,Meenakshy M,2026-28,PGDM,core,2,A,,,,,
260101066,Mishti Arya,2026-28,PGDM,core,2,A,,,,,
260101071,Pranav Trivedi,2026-28,PGDM,core,2,A,,,,,
260101076,Raj Lakshmi Sisodia,2026-28,PGDM,core,2,A,,,,,
260101090,Smridhi Ahuja,2026-28,PGDM,core,2,A,,,,,
260101092,Srinagaleela Javvadi,2026-28,PGDM,core,2,A,,,,,
260101093,Sukhvinder Singh,2026-28,PGDM,core,2,A,,,,,
260101098,Udipta Sarma Bharadwaj,2026-28,PGDM,core,2,A,,,,,
260101101,Vanshika Jain,2026-28,PGDM,core,2,A,,,,,
260101103,Varun Mall,2026-28,PGDM,core,2,A,,,,,
260101114,Arun A S,2026-28,PGDM,core,2,A,,,,,
260101138,Akshay Jain,2026-28,PGDM,core,2,A,,,,,
260101139,Madhav Jaitly,2026-28,PGDM,core,2,A,,,,,
260102001,Aditi Mishra,2026-28,PGDM Finance,core,2,A,,,,,
260102002,Arpit Agarwal,2026-28,PGDM Finance,core,2,A,,,,,
260102003,Arshika,2026-28,PGDM Finance,core,2,A,,,,,
260102004,Bhavi Bafna,2026-28,PGDM Finance,core,2,A,,,,,
260102005,Bhavya Dingreja,2026-28,PGDM Finance,core,2,A,,,,,
260102006,Bhujanganath Ravikumar,2026-28,PGDM Finance,core,2,A,,,,,
260102007,Chirayau Singla,2026-28,PGDM Finance,core,2,A,,,,,
260102008,Devang Sundriyal,2026-28,PGDM Finance,core,2,A,,,,,
260102009,Devesh Agarwal,2026-28,PGDM Finance,core,2,A,,,,,
260102010,Diya Jain Jain,2026-28,PGDM Finance,core,2,A,,,,,
260102011,Kunal Malhotra,2026-28,PGDM Finance,core,2,A,,,,,
260102012,Manasvi Rastogi,2026-28,PGDM Finance,core,2,A,,,,,
260102013,Manya Jain,2026-28,PGDM Finance,core,2,A,,,,,
260102014,Muskan Sharma,2026-28,PGDM Finance,core,2,A,,,,,
260102015,Navya Singh,2026-28,PGDM Finance,core,2,A,,,,,
260102016,Rohan Agarwal,2026-28,PGDM Finance,core,2,A,,,,,
260102017,Saloni Somani,2026-28,PGDM Finance,core,2,A,,,,,
260102018,Sarthak Chaudhary,2026-28,PGDM Finance,core,2,A,,,,,
260102019,Shivam Shaurya,2026-28,PGDM Finance,core,2,A,,,,,
260102020,Sourabh Bakkesh Hariharad,2026-28,PGDM Finance,core,2,A,,,,,
260102021,Sumant Gulati,2026-28,PGDM Finance,core,2,A,,,,,
260102022,Suraj Sood,2026-28,PGDM Finance,core,2,A,,,,,
260102023,Swayam N Dhruv,2026-28,PGDM Finance,core,2,A,,,,,
260102024,Unnati Deepak Daryani,2026-28,PGDM Finance,core,2,A,,,,,
260102025,Vandana,2026-28,PGDM Finance,core,2,A,,,,,
260102026,Yashwi Virendra Patel,2026-28,PGDM Finance,core,2,A,,,,,
260101001,Aanya Upadhyay,2026-28,PGDM,core,2,B,,,,,
260101003,Abhinav Padmarajan,2026-28,PGDM,core,2,B,,,,,
260101006,Aditya Raj Srivastava,2026-28,PGDM,core,2,B,,,,,
260101008,Akshat Goyal,2026-28,PGDM,core,2,B,,,,,
260101009,Alvira Alim,2026-28,PGDM,core,2,B,,,,,
260101012,Ananya Singh,2026-28,PGDM,core,2,B,,,,,
260101015,Animan Banerjee,2026-28,PGDM,core,2,B,,,,,
260101016,Anshika Goel,2026-28,PGDM,core,2,B,,,,,
260101022,Ashmita Srivastava,2026-28,PGDM,core,2,B,,,,,
260101025,Ayush Pandey,2026-28,PGDM,core,2,B,,,,,
260101026,Ayushi Mahajan,2026-28,PGDM,core,2,B,,,,,
260101032,Dhruv Jangid,2026-28,PGDM,core,2,B,,,,,
260101035,Gopika Pillai,2026-28,PGDM,core,2,B,,,,,
260101040,Jhalak Khandelwal,2026-28,PGDM,core,2,B,,,,,
260101042,Jonah Kurien Mammen,2026-28,PGDM,core,2,B,,,,,
260101045,Kartish Bhadauria,2026-28,PGDM,core,2,B,,,,,
260101046,Kashish Batra,2026-28,PGDM,core,2,B,,,,,
260101049,Khyati,2026-28,PGDM,core,2,B,,,,,
260101051,Kopal Bhatnagar,2026-28,PGDM,core,2,B,,,,,
260101054,Krishna Priya S,2026-28,PGDM,core,2,B,,,,,
260101057,Manan Goel,2026-28,PGDM,core,2,B,,,,,
260101059,Manya Baid,2026-28,PGDM,core,2,B,,,,,
260101063,Meghna Mishra,2026-28,PGDM,core,2,B,,,,,
260101067,Navya Jyoti,2026-28,PGDM,core,2,B,,,,,
260101069,Nishchay Juneja,2026-28,PGDM,core,2,B,,,,,
260101072,Prapti Ranjan,2026-28,PGDM,core,2,B,,,,,
260101074,Priyasha Anand,2026-28,PGDM,core,2,B,,,,,
260101077,Rishi Raj,2026-28,PGDM,core,2,B,,,,,
260101080,Sagar Choubey,2026-28,PGDM,core,2,B,,,,,
260101081,Sakshi Chowdhary,2026-28,PGDM,core,2,B,,,,,
260101084,Shraddha Agarwal,2026-28,PGDM,core,2,B,,,,,
260101086,Shreya Singh,2026-28,PGDM,core,2,B,,,,,
260101087,Shreyaansh Shrivastava,2026-28,PGDM,core,2,B,,,,,
260101091,Sonal Shekhar,2026-28,PGDM,core,2,B,,,,,
260101094,Sumedh Singh,2026-28,PGDM,core,2,B,,,,,
260101099,Udita Shankar,2026-28,PGDM,core,2,B,,,,,
260101102,Vanshika Agrawal,2026-28,PGDM,core,2,B,,,,,
260101104,Vatsal Kumar,2026-28,PGDM,core,2,B,,,,,
260101107,Mahi Prasad,2026-28,PGDM,core,2,B,,,,,
260101108,Kushagra Mandloi,2026-28,PGDM,core,2,B,,,,,
260101110,Aditi Kansal,2026-28,PGDM,core,2,B,,,,,
260101112,Anushka Singh,2026-28,PGDM,core,2,B,,,,,
260101115,Ayush Kedia,2026-28,PGDM,core,2,B,,,,,
260101118,Dheeraj Jain,2026-28,PGDM,core,2,B,,,,,
260101120,Gaurikaa Dhanush Nair,2026-28,PGDM,core,2,B,,,,,
260101122,Harshit Sharma,2026-28,PGDM,core,2,B,,,,,
260101123,Harshna Lalwani,2026-28,PGDM,core,2,B,,,,,
260101125,Kareena D Shah,2026-28,PGDM,core,2,B,,,,,
260101127,Manshi Tomar,2026-28,PGDM,core,2,B,,,,,
260101129,Ritika Hazrati,2026-28,PGDM,core,2,B,,,,,
260101133,Simreev Kaur Uppal,2026-28,PGDM,core,2,B,,,,,
260101135,Tanvi Garg,2026-28,PGDM,core,2,B,,,,,
260101137,Vaibhav Singh,2026-28,PGDM,core,2,B,,,,,
260101002,Aarjoo Charanpahari,2026-28,PGDM,core,2,C,,,,,
260101005,Aditya Srivastava,2026-28,PGDM,core,2,C,,,,,
260101007,Akshansh Aryan,2026-28,PGDM,core,2,C,,,,,
260101010,Amritsawan Bhanja,2026-28,PGDM,core,2,C,,,,,
260101011,Anandhakrishnan Anil Kuamr,2026-28,PGDM,core,2,C,,,,,
260101014,Ananya Tiwari,2026-28,PGDM,core,2,C,,,,,
260101017,Anu Kumari,2026-28,PGDM,core,2,C,,,,,
260101023,Avni Arora,2026-28,PGDM,core,2,C,,,,,
260101024,Ayush Chaudhary,2026-28,PGDM,core,2,C,,,,,
260101029,Charanjeet,2026-28,PGDM,core,2,C,,,,,
260101030,Dhritee Gandotra,2026-28,PGDM,core,2,C,,,,,
260101037,Ishant,2026-28,PGDM,core,2,C,,,,,
260101039,Jaya Narayan,2026-28,PGDM,core,2,C,,,,,
260101041,Jona Joseph,2026-28,PGDM,core,2,C,,,,,
260101044,Kartik Gupta,2026-28,PGDM,core,2,C,,,,,
260101047,Keshav Gupta,2026-28,PGDM,core,2,C,,,,,
260101048,Khushi Malik,2026-28,PGDM,core,2,C,,,,,
260101050,Kirti Ahlawat,2026-28,PGDM,core,2,C,,,,,
260101052,Kopal Srivastava,2026-28,PGDM,core,2,C,,,,,
260101055,Kritika Tomar,2026-28,PGDM,core,2,C,,,,,
260101058,Manas Mathur,2026-28,PGDM,core,2,C,,,,,
260101061,Manya Singh,2026-28,PGDM,core,2,C,,,,,
260101065,Mercy,2026-28,PGDM,core,2,C,,,,,
260101068,Nidhi Ravindra Nimbalwar,2026-28,PGDM,core,2,C,,,,,
260101070,Paras,2026-28,PGDM,core,2,C,,,,,
260101073,Priyanshi Tiwari,2026-28,PGDM,core,2,C,,,,,
260101078,Rohit Kulkarni,2026-28,PGDM,core,2,C,,,,,
260101079,Saakshi Priyadarshini,2026-28,PGDM,core,2,C,,,,,
260101082,Sania Wasim,2026-28,PGDM,core,2,C,,,,,
260101083,Shashank Iyer,2026-28,PGDM,core,2,C,,,,,
260101085,Shreya Mishra,2026-28,PGDM,core,2,C,,,,,
260101088,Shruti Agarwal,2026-28,PGDM,core,2,C,,,,,
260101089,Sidharth R,2026-28,PGDM,core,2,C,,,,,
260101095,Surabhi Jha,2026-28,PGDM,core,2,C,,,,,
260101097,Sutheerth Thampan,2026-28,PGDM,core,2,C,,,,,
260101100,Vaishnavi V Tuppad,2026-28,PGDM,core,2,C,,,,,
260101105,Yash Kumar,2026-28,PGDM,core,2,C,,,,,
260101106,Yashi Mishra,2026-28,PGDM,core,2,C,,,,,
260101109,Tanishi Chakravarty,2026-28,PGDM,core,2,C,,,,,
260101111,Ananya Nigam,2026-28,PGDM,core,2,C,,,,,
260101113,Arpit Singh,2026-28,PGDM,core,2,C,,,,,
260101116,Christie Teresa Jose,2026-28,PGDM,core,2,C,,,,,
260101117,Debdeep Ghosh,2026-28,PGDM,core,2,C,,,,,
260101119,Divakar Singhal,2026-28,PGDM,core,2,C,,,,,
260101121,Hamnah Naseem Geelani,2026-28,PGDM,core,2,C,,,,,
260101124,Jashman Kaur,2026-28,PGDM,core,2,C,,,,,
260101126,Kyra Malik,2026-28,PGDM,core,2,C,,,,,
260101128,Nandini Singh,2026-28,PGDM,core,2,C,,,,,
260101130,Rohan Kumar Singh,2026-28,PGDM,core,2,C,,,,,
260101131,Shatakshi Sharan,2026-28,PGDM,core,2,C,,,,,
260101132,Shubh Sharma,2026-28,PGDM,core,2,C,,,,,
260101134,Siya Shukla,2026-28,PGDM,core,2,C,,,,,
260101136,Utkarsh Singh,2026-28,PGDM,core,2,C,,,,,
260101140,Om Agarwal,2026-28,PGDM,core,2,C,,,,,
260101141,Kalrav Tyagi,2026-28,PGDM,core,2,C,,,,,
260103001,Aaditya Srivastava,2026-28,PGDM Marketing,core,2,D,,,,,
260103003,Aarushi,2026-28,PGDM Marketing,core,2,D,,,,,
260103007,Aayushi Nair,2026-28,PGDM Marketing,core,2,D,,,,,
260103008,Abhishek Purushottam,2026-28,PGDM Marketing,core,2,D,,,,,
260103013,Aditree Roy,2026-28,PGDM Marketing,core,2,D,,,,,
260103015,Aditya Abhijit Majgaonkar,2026-28,PGDM Marketing,core,2,D,,,,,
260103018,Akshit Chaudhary,2026-28,PGDM Marketing,core,2,D,,,,,
260103021,Ananya Verma,2026-28,PGDM Marketing,core,2,D,,,,,
260103026,Anjali Bharani,2026-28,PGDM Marketing,core,2,D,,,,,
260103030,Anusha Chhibber,2026-28,PGDM Marketing,core,2,D,,,,,
260103033,Apoorv Agnihotri,2026-28,PGDM Marketing,core,2,D,,,,,
260103037,Arnav Jain,2026-28,PGDM Marketing,core,2,D,,,,,
260103042,Ashwin Chauhan,2026-28,PGDM Marketing,core,2,D,,,,,
260103045,Avni Rajpoot,2026-28,PGDM Marketing,core,2,D,,,,,
260103048,Ayush Singh,2026-28,PGDM Marketing,core,2,D,,,,,
260103053,Chavi Jain,2026-28,PGDM Marketing,core,2,D,,,,,
260103060,Diya Jain,2026-28,PGDM Marketing,core,2,D,,,,,
260103064,Gaurav Chauhan,2026-28,PGDM Marketing,core,2,D,,,,,
260103065,Gauri R,2026-28,PGDM Marketing,core,2,D,,,,,
260103072,Harsh Goyal,2026-28,PGDM Marketing,core,2,D,,,,,
260103075,Havisha Mahaveer Toliwal,2026-28,PGDM Marketing,core,2,D,,,,,
260103078,Isha Sharma,2026-28,PGDM Marketing,core,2,D,,,,,
260103083,Jaideep Singh Grover,2026-28,PGDM Marketing,core,2,D,,,,,
260103086,Jayashree Mittal,2026-28,PGDM Marketing,core,2,D,,,,,
260103089,Kajal,2026-28,PGDM Marketing,core,2,D,,,,,
260103092,Kanika Bhagat,2026-28,PGDM Marketing,core,2,D,,,,,
260103099,Maitri Jain,2026-28,PGDM Marketing,core,2,D,,,,,
260103100,Manav Sharma,2026-28,PGDM Marketing,core,2,D,,,,,
260103105,Manya Gupta,2026-28,PGDM Marketing,core,2,D,,,,,
260103108,Mrigank Vikram Pal,2026-28,PGDM Marketing,core,2,D,,,,,
260103111,Nandini Mittal,2026-28,PGDM Marketing,core,2,D,,,,,
260103116,Nishant Jindal,2026-28,PGDM Marketing,core,2,D,,,,,
260103117,Ojasvi Singh,2026-28,PGDM Marketing,core,2,D,,,,,
260103121,Pia Chawla,2026-28,PGDM Marketing,core,2,D,,,,,
260103126,Priyansh Mahesh Padmakar,2026-28,PGDM Marketing,core,2,D,,,,,
260103129,Rachit Agarwal,2026-28,PGDM Marketing,core,2,D,,,,,
260103132,Raghvendra Singh Sisodia,2026-28,PGDM Marketing,core,2,D,,,,,
260103134,Richa Garg,2026-28,PGDM Marketing,core,2,D,,,,,
260103137,Risa Maria Raphael,2026-28,PGDM Marketing,core,2,D,,,,,
260103139,Rishabh Anil Pathak,2026-28,PGDM Marketing,core,2,D,,,,,
260103145,Sakshi Damani,2026-28,PGDM Marketing,core,2,D,,,,,
260103149,Sanidhya Sharma,2026-28,PGDM Marketing,core,2,D,,,,,
260103150,Saniya Jain,2026-28,PGDM Marketing,core,2,D,,,,,
260103155,Shantanu Jha,2026-28,PGDM Marketing,core,2,D,,,,,
260103158,Shinjini Sengupta,2026-28,PGDM Marketing,core,2,D,,,,,
260103161,Shivam Seth,2026-28,PGDM Marketing,core,2,D,,,,,
260103165,Shreyansh Sharma,2026-28,PGDM Marketing,core,2,D,,,,,
260103167,Shristi Ashok Kumar,2026-28,PGDM Marketing,core,2,D,,,,,
260103172,Sidhant Gautam,2026-28,PGDM Marketing,core,2,D,,,,,
260103174,Simran Uppal,2026-28,PGDM Marketing,core,2,D,,,,,
260103180,Soumadip Ranjan Biswas,2026-28,PGDM Marketing,core,2,D,,,,,
260103182,Souramita Dutta,2026-28,PGDM Marketing,core,2,D,,,,,
260103185,Srishti Gursey,2026-28,PGDM Marketing,core,2,D,,,,,
260103190,Swastika Satyajit Mukherjee,2026-28,PGDM Marketing,core,2,D,,,,,
260103195,Tushar Mittal,2026-28,PGDM Marketing,core,2,D,,,,,
260103198,Unnati,2026-28,PGDM Marketing,core,2,D,,,,,
260103199,Utkarsh Agrawal,2026-28,PGDM Marketing,core,2,D,,,,,
260103206,Vilohit Khosa,2026-28,PGDM Marketing,core,2,D,,,,,
260103209,Yash Verma,2026-28,PGDM Marketing,core,2,D,,,,,
260103212,Manraj Kaur Bhalla,2026-28,PGDM Marketing,core,2,D,,,,,
260103002,Aarush Grover,2026-28,PGDM Marketing,core,2,E,,,,,
260103005,Aastha Shaw,2026-28,PGDM Marketing,core,2,E,,,,,
260103009,Achint Arora,2026-28,PGDM Marketing,core,2,E,,,,,
260103010,Aditi Bisht,2026-28,PGDM Marketing,core,2,E,,,,,
260103016,Adroha Nath,2026-28,PGDM Marketing,core,2,E,,,,,
260103019,Ambika Mohta,2026-28,PGDM Marketing,core,2,E,,,,,
260103022,Ananya Bansal,2026-28,PGDM Marketing,core,2,E,,,,,
260103024,Anay Tiwari,2026-28,PGDM Marketing,core,2,E,,,,,
260103028,Anoushka Agarwal,2026-28,PGDM Marketing,core,2,E,,,,,
260103031,Anushka Adhikari,2026-28,PGDM Marketing,core,2,E,,,,,
260103035,Arindam Shirish,2026-28,PGDM Marketing,core,2,E,,,,,
260103039,Arpit Srivastava,2026-28,PGDM Marketing,core,2,E,,,,,
260103043,Ashwin Saju,2026-28,PGDM Marketing,core,2,E,,,,,
260103049,Ayushi,2026-28,PGDM Marketing,core,2,E,,,,,
260103052,Biswadeb Basu,2026-28,PGDM Marketing,core,2,E,,,,,
260103057,Disha Anil Phafat,2026-28,PGDM Marketing,core,2,E,,,,,
260103062,Eshika Gupta,2026-28,PGDM Marketing,core,2,E,,,,,
260103067,Grishma Anil Nair,2026-28,PGDM Marketing,core,2,E,,,,,
260103068,Guransh Sachdeva,2026-28,PGDM Marketing,core,2,E,,,,,
260103076,Himanshi Sachdev,2026-28,PGDM Marketing,core,2,E,,,,,
260103079,Ishita Gupta,2026-28,PGDM Marketing,core,2,E,,,,,
260103081,Jad Nanda,2026-28,PGDM Marketing,core,2,E,,,,,
260103085,Jatin Kumar,2026-28,PGDM Marketing,core,2,E,,,,,
260103087,Jenya Patel,2026-28,PGDM Marketing,core,2,E,,,,,
260103090,Kalyani Sritha Rampalli,2026-28,PGDM Marketing,core,2,E,,,,,
260103096,Lipika Gupta,2026-28,PGDM Marketing,core,2,E,,,,,
260103101,Manit Raj Kapoor,2026-28,PGDM Marketing,core,2,E,,,,,
260103103,Manya Gangwani,2026-28,PGDM Marketing,core,2,E,,,,,
260103106,Mokshda Sharma,2026-28,PGDM Marketing,core,2,E,,,,,
260103110,Naman Aggarwal,2026-28,PGDM Marketing,core,2,E,,,,,
260103114,Nidhi Garg,2026-28,PGDM Marketing,core,2,E,,,,,
260103118,Palak Aggarwal,2026-28,PGDM Marketing,core,2,E,,,,,
260103122,Pracheta Mohanty,2026-28,PGDM Marketing,core,2,E,,,,,
260103124,Prateek Pandey,2026-28,PGDM Marketing,core,2,E,,,,,
260103127,Pronoy Sengupta,2026-28,PGDM Marketing,core,2,E,,,,,
260103130,Raghav Mittal,2026-28,PGDM Marketing,core,2,E,,,,,
260103133,Ram Saxena,2026-28,PGDM Marketing,core,2,E,,,,,
260103135,Ridhima,2026-28,PGDM Marketing,core,2,E,,,,,
260103142,Saanvi Raut,2026-28,PGDM Marketing,core,2,E,,,,,
260103144,Sahil Ismaily,2026-28,PGDM Marketing,core,2,E,,,,,
260103146,Sakshi Sharma,2026-28,PGDM Marketing,core,2,E,,,,,
260103151,Sanjana Anil Pardeshi,2026-28,PGDM Marketing,core,2,E,,,,,
260103153,Saransh Sharma,2026-28,PGDM Marketing,core,2,E,,,,,
260103156,Shashwat Sharma,2026-28,PGDM Marketing,core,2,E,,,,,
260103162,Shreenjoy Chakraboerty,2026-28,PGDM Marketing,core,2,E,,,,,
260103163,Shreeya Singh,2026-28,PGDM Marketing,core,2,E,,,,,
260103168,Shruti Sankalp Bindal,2026-28,PGDM Marketing,core,2,E,,,,,
260103170,Siddharth Narang,2026-28,PGDM Marketing,core,2,E,,,,,
260103177,Soetlana Samanta,2026-28,PGDM Marketing,core,2,E,,,,,
260103178,Somil Agarwal,2026-28,PGDM Marketing,core,2,E,,,,,
260103183,Srijani Paul,2026-28,PGDM Marketing,core,2,E,,,,,
260103186,Stuti Agarwal,2026-28,PGDM Marketing,core,2,E,,,,,
260103189,Suyash Mishra,2026-28,PGDM Marketing,core,2,E,,,,,
260103191,Tanisha Goyal,2026-28,PGDM Marketing,core,2,E,,,,,
260103196,Tushar Sethi,2026-28,PGDM Marketing,core,2,E,,,,,
260103202,Vaishnavi Vinod,2026-28,PGDM Marketing,core,2,E,,,,,
260103204,Venkat Sreekar Wupadrasta,2026-28,PGDM Marketing,core,2,E,,,,,
260103207,Vinjamuri Venkata Meher Bhanu Praveen,2026-28,PGDM Marketing,core,2,E,,,,,
260103213,Konica Aggarwal,2026-28,PGDM Marketing,core,2,E,,,,,
260103004,Aaryan Bhardwaj,2026-28,PGDM Marketing,core,2,F,,,,,
260103006,Aayushi,2026-28,PGDM Marketing,core,2,F,,,,,
260103012,Aditi Rai,2026-28,PGDM Marketing,core,2,F,,,,,
260103014,Aditya Syal,2026-28,PGDM Marketing,core,2,F,,,,,
260103017,Akash R Nair,2026-28,PGDM Marketing,core,2,F,,,,,
260103020,Amisha Bharti,2026-28,PGDM Marketing,core,2,F,,,,,
260103025,Anchal Ladda,2026-28,PGDM Marketing,core,2,F,,,,,
260103027,Anmol Jain,2026-28,PGDM Marketing,core,2,F,,,,,
260103029,Anshika,2026-28,PGDM Marketing,core,2,F,,,,,
260103034,Aradhhya Sharma,2026-28,PGDM Marketing,core,2,F,,,,,
260103036,Arnav Bathla,2026-28,PGDM Marketing,core,2,F,,,,,
260103041,Aryesh Banerjee,2026-28,PGDM Marketing,core,2,F,,,,,
260103046,Ayush Sood,2026-28,PGDM Marketing,core,2,F,,,,,
260103051,Bhumika Lohia,2026-28,PGDM Marketing,core,2,F,,,,,
260103059,Divyanshi Agarwal,2026-28,PGDM Marketing,core,2,F,,,,,
260103061,Eshaan Jain,2026-28,PGDM Marketing,core,2,F,,,,,
260103063,Garvita Khosla,2026-28,PGDM Marketing,core,2,F,,,,,
260103069,Gurmehar Harpreet Singh,2026-28,PGDM Marketing,core,2,F,,,,,
260103071,Hansika Jhunjhunwala,2026-28,PGDM Marketing,core,2,F,,,,,
260103077,Isha Minocha,2026-28,PGDM Marketing,core,2,F,,,,,
260103080,Ishita Srivastava,2026-28,PGDM Marketing,core,2,F,,,,,
260103082,Jaideep Behera,2026-28,PGDM Marketing,core,2,F,,,,,
260103088,Jothika Joseph,2026-28,PGDM Marketing,core,2,F,,,,,
260103091,Kanak Bansal,2026-28,PGDM Marketing,core,2,F,,,,,
260103093,Kanishak Pansari,2026-28,PGDM Marketing,core,2,F,,,,,
260103098,Mahima Harjani,2026-28,PGDM Marketing,core,2,F,,,,,
260103104,Manya Wadhwa,2026-28,PGDM Marketing,core,2,F,,,,,
260103107,Mridul Banwari Modi,2026-28,PGDM Marketing,core,2,F,,,,,
260103109,Muskaan Jain,2026-28,PGDM Marketing,core,2,F,,,,,
260103113,Neelanj Chaudhary,2026-28,PGDM Marketing,core,2,F,,,,,
260103115,Nimisha Suresh Kadam,2026-28,PGDM Marketing,core,2,F,,,,,
260103119,Palak Kaul,2026-28,PGDM Marketing,core,2,F,,,,,
260103123,Praneet Kaur,2026-28,PGDM Marketing,core,2,F,,,,,
260103125,Prathak Singh Thakur,2026-28,PGDM Marketing,core,2,F,,,,,
260103128,R Pranav,2026-28,PGDM Marketing,core,2,F,,,,,
260103131,Raghav Chhabra,2026-28,PGDM Marketing,core,2,F,,,,,
260103136,Ridhimaa Vig,2026-28,PGDM Marketing,core,2,F,,,,,
260103138,Rishabh Pandey,2026-28,PGDM Marketing,core,2,F,,,,,
260103143,Saanya Gulati,2026-28,PGDM Marketing,core,2,F,,,,,
260103147,Sakshi Singh,2026-28,PGDM Marketing,core,2,F,,,,,
260103148,Samarth Kumar Wadhawan,2026-28,PGDM Marketing,core,2,F,,,,,
260103152,Sanjhi Jain,2026-28,PGDM Marketing,core,2,F,,,,,
260103154,Saras Gupta,2026-28,PGDM Marketing,core,2,F,,,,,
260103160,Shivam Kumar,2026-28,PGDM Marketing,core,2,F,,,,,
260103164,Shrey Ahuja,2026-28,PGDM Marketing,core,2,F,,,,,
260103166,Shreysi Gulati,2026-28,PGDM Marketing,core,2,F,,,,,
260103171,Siddharth S,2026-28,PGDM Marketing,core,2,F,,,,,
260103173,Simran Swati,2026-28,PGDM Marketing,core,2,F,,,,,
260103179,Somil Arora,2026-28,PGDM Marketing,core,2,F,,,,,
260103181,Soumya Kansal,2026-28,PGDM Marketing,core,2,F,,,,,
260103184,Srishti Chhabra,2026-28,PGDM Marketing,core,2,F,,,,,
260103187,Suhani Garg,2026-28,PGDM Marketing,core,2,F,,,,,
260103192,Tanushree Aggarwal,2026-28,PGDM Marketing,core,2,F,,,,,
260103194,Trishant Baid,2026-28,PGDM Marketing,core,2,F,,,,,
260103197,Ujjawal Awasthi,2026-28,PGDM Marketing,core,2,F,,,,,
260103205,Vidhan Uttam,2026-28,PGDM Marketing,core,2,F,,,,,
260103208,Vishal Vinayan,2026-28,PGDM Marketing,core,2,F,,,,,
260103210,Yatharth Dhingra,2026-28,PGDM Marketing,core,2,F,,,,,
260103211,Yuvika Uppal,2026-28,PGDM Marketing,core,2,F,,,,,
260201001,Aaditya Singh,2026-28,PGDM DCP,dcp,2,A,,,,,
260201003,Abhay Jain,2026-28,PGDM DCP,dcp,2,A,,,,,
260201005,Adithya Raman,2026-28,PGDM DCP,dcp,2,A,,,,,
260201007,Aditya Vikram Singh,2026-28,PGDM DCP,dcp,2,A,,,,,
260201009,Akshat Brahmchari,2026-28,PGDM DCP,dcp,2,A,,,,,
260201012,Ann Mary John,2026-28,PGDM DCP,dcp,2,A,,,,,
260201014,Anshaj Singh,2026-28,PGDM DCP,dcp,2,A,,,,,
260201016,Anvesh Anupam,2026-28,PGDM DCP,dcp,2,A,,,,,
260201018,Arunesh Narang,2026-28,PGDM DCP,dcp,2,A,,,,,
260201021,Aryan Dua,2026-28,PGDM DCP,dcp,2,A,,,,,
260201025,Ayush Raj,2026-28,PGDM DCP,dcp,2,A,,,,,
260201026,Ayushi Tyagi,2026-28,PGDM DCP,dcp,2,A,,,,,
260201028,Bashar Ahmed,2026-28,PGDM DCP,dcp,2,A,,,,,
260201031,Debaditya Majumdar,2026-28,PGDM DCP,dcp,2,A,,,,,
260201033,Dhruv Juneja,2026-28,PGDM DCP,dcp,2,A,,,,,
260201034,Gauri Kaushal,2026-28,PGDM DCP,dcp,2,A,,,,,
260201036,Hansika Sinha,2026-28,PGDM DCP,dcp,2,A,,,,,
260201038,Harshit Grover,2026-28,PGDM DCP,dcp,2,A,,,,,
260201040,Harshit Kumar Sarangal,2026-28,PGDM DCP,dcp,2,A,,,,,
260201044,Kanishq Aggarwal,2026-28,PGDM DCP,dcp,2,A,,,,,
260201046,Khush Goyal,2026-28,PGDM DCP,dcp,2,A,,,,,
260201049,Kunal Saini,2026-28,PGDM DCP,dcp,2,A,,,,,
260201051,Manvendra Pathak,2026-28,PGDM DCP,dcp,2,A,,,,,
260201053,Medhavi Tyagi,2026-28,PGDM DCP,dcp,2,A,,,,,
260201057,Nandani Singh,2026-28,PGDM DCP,dcp,2,A,,,,,
260201059,Niranjana Prasanna Venkateswaran,2026-28,PGDM DCP,dcp,2,A,,,,,
260201061,Ojus Marwah,2026-28,PGDM DCP,dcp,2,A,,,,,
260201063,Prapti Goyal,2026-28,PGDM DCP,dcp,2,A,,,,,
260201064,Pratheek Raviraj,2026-28,PGDM DCP,dcp,2,A,,,,,
260201066,Purusharth Singh,2026-28,PGDM DCP,dcp,2,A,,,,,
260201068,Rehan Das,2026-28,PGDM DCP,dcp,2,A,,,,,
260201070,Rohit Kumar Sahoo,2026-28,PGDM DCP,dcp,2,A,,,,,
260201073,Rounak Patodia,2026-28,PGDM DCP,dcp,2,A,,,,,
260201075,Rudrani Subhash Ighave,2026-28,PGDM DCP,dcp,2,A,,,,,
260201077,Sahil Jaiswal,2026-28,PGDM DCP,dcp,2,A,,,,,
260201079,Sai Karthik Sanjeev Kumar,2026-28,PGDM DCP,dcp,2,A,,,,,
260201080,Sakshi Chauhan,2026-28,PGDM DCP,dcp,2,A,,,,,
260201082,Sarthak Chaturvedi,2026-28,PGDM DCP,dcp,2,A,,,,,
260201085,Shanvi Rastogi,2026-28,PGDM DCP,dcp,2,A,,,,,
260201088,Shivansh Cial,2026-28,PGDM DCP,dcp,2,A,,,,,
260201090,Shubham Karnani,2026-28,PGDM DCP,dcp,2,A,,,,,
260201094,Swanitharsh Kammari,2026-28,PGDM DCP,dcp,2,A,,,,,
260201097,Vajrala Srinivasa Sampath Veer,2026-28,PGDM DCP,dcp,2,A,,,,,
260201099,Vishesh Sahani,2026-28,PGDM DCP,dcp,2,A,,,,,
260201101,Yuvaraju Bandi,2026-28,PGDM DCP,dcp,2,A,,,,,
260201102,Anushka Agarwal,2026-28,PGDM DCP,dcp,2,A,,,,,
260201103,Vansh Jha,2026-28,PGDM DCP,dcp,2,A,,,,,
260201002,Abeer Naramdeo,2026-28,PGDM DCP,dcp,2,B,,,,,
260201004,Ansh Arora,2026-28,PGDM DCP,dcp,2,B,,,,,
260201006,Adithyan H,2026-28,PGDM DCP,dcp,2,B,,,,,
260201008,Akansh Shrivastava,2026-28,PGDM DCP,dcp,2,B,,,,,
260201010,Akshat Saraf,2026-28,PGDM DCP,dcp,2,B,,,,,
260201013,Abhinav Sreekumar,2026-28,PGDM DCP,dcp,2,B,,,,,
260201015,Anubhav Agarwal,2026-28,PGDM DCP,dcp,2,B,,,,,
260201017,Arastu Gupta,2026-28,PGDM DCP,dcp,2,B,,,,,
260201019,Arushi Sarkar,2026-28,PGDM DCP,dcp,2,B,,,,,
260201020,Aryaman Kureel,2026-28,PGDM DCP,dcp,2,B,,,,,
260201022,Aryan Jain,2026-28,PGDM DCP,dcp,2,B,,,,,
260201024,Aryan Singh,2026-28,PGDM DCP,dcp,2,B,,,,,
260201027,Ayushman Bisht,2026-28,PGDM DCP,dcp,2,B,,,,,
260201029,Chhavi Agrawal,2026-28,PGDM DCP,dcp,2,B,,,,,
260201030,Chinmay Chadha,2026-28,PGDM DCP,dcp,2,B,,,,,
260201032,Deep Bose,2026-28,PGDM DCP,dcp,2,B,,,,,
260201035,Gauri Goyal,2026-28,PGDM DCP,dcp,2,B,,,,,
260201037,Harish Rajasekaran,2026-28,PGDM DCP,dcp,2,B,,,,,
260201039,Harshit Goyal,2026-28,PGDM DCP,dcp,2,B,,,,,
260201041,Karthikeya Aleti,2026-28,PGDM DCP,dcp,2,B,,,,,
260201043,Kanishk Shukla,2026-28,PGDM DCP,dcp,2,B,,,,,
260201045,Hitesh Dhalwani,2026-28,PGDM DCP,dcp,2,B,,,,,
260201047,Khushi Agrawal,2026-28,PGDM DCP,dcp,2,B,,,,,
260201048,Koustav Lahiri,2026-28,PGDM DCP,dcp,2,B,,,,,
260201052,Mayank Goel,2026-28,PGDM DCP,dcp,2,B,,,,,
260201055,Naman Jain,2026-28,PGDM DCP,dcp,2,B,,,,,
260201056,Namya Gupta,2026-28,PGDM DCP,dcp,2,B,,,,,
260201058,Navya Shahi,2026-28,PGDM DCP,dcp,2,B,,,,,
260201060,Nishika Kansal,2026-28,PGDM DCP,dcp,2,B,,,,,
260201062,Pranav Puri,2026-28,PGDM DCP,dcp,2,B,,,,,
260201065,Pulkit Aggarwal,2026-28,PGDM DCP,dcp,2,B,,,,,
260201067,Sarthak,2026-28,PGDM DCP,dcp,2,B,,,,,
260201069,Ritik Agrawal,2026-28,PGDM DCP,dcp,2,B,,,,,
260201071,Rohit Raj,2026-28,PGDM DCP,dcp,2,B,,,,,
260201072,Roopal Mudgal,2026-28,PGDM DCP,dcp,2,B,,,,,
260201074,Ruben Paul,2026-28,PGDM DCP,dcp,2,B,,,,,
260201076,Saumya,2026-28,PGDM DCP,dcp,2,B,,,,,
260201078,Sai Shravan,2026-28,PGDM DCP,dcp,2,B,,,,,
260201081,Tanisha Kansal,2026-28,PGDM DCP,dcp,2,B,,,,,
260201083,Sarthak Vijay,2026-28,PGDM DCP,dcp,2,B,,,,,
260201084,Saanvi Rajesh Shetty,2026-28,PGDM DCP,dcp,2,B,,,,,
260201087,Shivam Mangal,2026-28,PGDM DCP,dcp,2,B,,,,,
260201089,Shreyas Sinha,2026-28,PGDM DCP,dcp,2,B,,,,,
260201091,Sidharth Kumar,2026-28,PGDM DCP,dcp,2,B,,,,,
260201093,Sumir Bishnoi,2026-28,PGDM DCP,dcp,2,B,,,,,
260201095,Raghav Chhabra,2026-28,PGDM DCP,dcp,2,B,,,,,
260201096,Vaibhav Singh,2026-28,PGDM DCP,dcp,2,B,,,,,
260201098,Varun Bhat,2026-28,PGDM DCP,dcp,2,B,,,,,
260201100,Vivaan Ahluwalia,2026-28,PGDM DCP,dcp,2,B,,,,,
